[orchestrator] empty log for cores/bench — running baseline retest
/srv/hwebench/clones/random-mutation-v2-rep2/tools/plot.py:136: UserWarning: Tight layout not applied. The left and right margins cannot be made large enough to accommodate all Axes decorations.
  fig.tight_layout()
[bench-v2.8.4 3604306] log: baseline-bench-4871359 improvement
 3 files changed, 11 insertions(+), 8 deletions(-)
 create mode 100644 cores/bench/experiments/log.jsonl
 create mode 100644 cores/bench/experiments/progress.png

============================================================
Round 1  |  slots=3  |  current best=12.12
============================================================
  pre-allocated IDs: ['hyp-20261005-001-r1s0', 'hyp-20261005-002-r1s1', 'hyp-20261005-003-r1s2']
  [slot 0] category=micro_opt id=hyp-20261005-001-r1s0
  [slot 1] category=structural id=hyp-20261005-002-r1s1
  [slot 2] category=predictor id=hyp-20261005-003-r1s2
Preparing worktree (new branch 'bench-hyp-20261005-001-r1s0-hypgen')
Preparing worktree (new branch 'bench-hyp-20261005-003-r1s2-hypgen')
Preparing worktree (new branch 'bench-hyp-20261005-002-r1s1-hypgen')
Deleted branch bench-hyp-20261005-001-r1s0-hypgen (was 3604306).
Preparing worktree (new branch 'bench-hyp-20261005-001-r1s0')
HEAD is now at 3604306 log: baseline-bench-4871359 improvement
HEAD is now at 3604306 log: baseline-bench-4871359 improvement
HEAD is now at 3604306 log: baseline-bench-4871359 improvement
HEAD is now at 3604306 log: baseline-bench-4871359 improvement
  [slot 0] worktree=/srv/hwebench/clones/random-mutation-v2-rep2/cores/bench/worktrees/hyp-20261005-001-r1s0
Deleted branch bench-hyp-20261005-003-r1s2-hypgen (was 3604306).
Deleted branch bench-hyp-20261005-002-r1s1-hypgen (was 3604306).
Preparing worktree (new branch 'bench-hyp-20261005-003-r1s2')
HEAD is now at 3604306 log: baseline-bench-4871359 improvement
  [slot 2] worktree=/srv/hwebench/clones/random-mutation-v2-rep2/cores/bench/worktrees/hyp-20261005-003-r1s2
Preparing worktree (new branch 'bench-hyp-20261005-002-r1s1')
HEAD is now at 3604306 log: baseline-bench-4871359 improvement
  [slot 1] worktree=/srv/hwebench/clones/random-mutation-v2-rep2/cores/bench/worktrees/hyp-20261005-002-r1s1
Deleted branch bench-hyp-20261005-003-r1s2 (was 3604306).
  [slot 2] broken: formal_failed: reg_ch0

SBY 12:57:06 [insn_xori_ch0] engine_0: ##   0:00:00  Status: passed
SBY 12:57:06 [insn_xor_ch0] engine_0: finished (returncode=0)
SBY 12:57:06 [insn_xor_ch0] engine_0: Status returned by engine: pass
SBY 12:57:06 [insn_xor_ch0] summary: Elapsed clock time [H:MM:SS (secs)]: 0:00:00 (0)
SBY 12:57:06 [insn_xor_ch0] summary: Elapsed process time [H:MM:SS (secs)]: 0:00:00 (0)
SBY 12:57:06 [insn_xor_ch0] summary: engine_0 (smtbmc bitwuzla) returned pass
SBY 12:57:06 [insn_xor_ch0] summary: engine_0 did not produce any traces
SBY 12:57:06 [insn_xor_ch0] DONE (PASS, rc=0)
SBY 12:57:06 [insn_xori_ch0] engine_0: finished (returncode=0)
SBY 12:57:06 [insn_xori_ch0] engine_0: Status returned by engine: pass
SBY 12:57:06 [insn_xori_ch0] summary: Elapsed clock time [H:MM:SS (secs)]: 0:00:00 (0)
SBY 12:57:06 [insn_xori_ch0] summary: Elapsed process time [H:MM:SS (secs)]: 0:00:00 (0)
SBY 12:57:06 [insn_xori_ch0] summary: engine_0 (smtbmc bitwuzla) returned pass
SBY 12:57:06 [insn_xori_ch0] summary: engine_0 did not produce any traces
SBY 12:57:06 [insn_xori_ch0] DONE (PASS, rc=0)

Formal: 52 passed, 1 failed
Failed: reg_ch0

--- reg_ch0/logfile.txt (last 30 lines) ---
SBY 12:56:56 [reg_ch0] engine_0: ##   0:00:00  Skipping step 9..
SBY 12:56:56 [reg_ch0] engine_0: ##   0:00:00  Skipping step 10..
SBY 12:56:56 [reg_ch0] engine_0: ##   0:00:00  Skipping step 11..
SBY 12:56:56 [reg_ch0] engine_0: ##   0:00:00  Skipping step 12..
SBY 12:56:56 [reg_ch0] engine_0: ##   0:00:00  Skipping step 13..
SBY 12:56:56 [reg_ch0] engine_0: ##   0:00:00  Skipping step 14..
SBY 12:56:56 [reg_ch0] engine_0: ##   0:00:00  Skipping step 15..
SBY 12:56:56 [reg_ch0] engine_0: ##   0:00:00  Skipping step 16..
SBY 12:56:56 [reg_ch0] engine_0: ##   0:00:00  Skipping step 17..
SBY 12:56:56 [reg_ch0] engine_0: ##   0:00:00  Skipping step 18..
SBY 12:56:56 [reg_ch0] engine_0: ##   0:00:00  Skipping step 19..
SBY 12:56:56 [reg_ch0] engine_0: ##   0:00:00  Checking assumptions in step 20..
SBY 12:56:56 [reg_ch0] engine_0: ##   0:00:00  Checking assertions in step 20..
SBY 12:57:02 [reg_ch0] engine_0: ##   0:00:06  BMC failed!
SBY 12:57:02 [reg_ch0] engine_0: ##   0:00:06  Value for anyconst rvfi_testbench.insn_order (rvfi_reg_check.sv:19.24-19.34): 13
SBY 12:57:02 [reg_ch0] engine_0: ##   0:00:06  Value for anyconst rvfi_testbench.register_index (rvfi_reg_check.sv:20.23-20.37): 29
SBY 12:57:02 [reg_ch0] engine_0: ##   0:00:06  Assert failed in rvfi_testbench: rvfi_reg_check.sv:42.6-42.59 (_witness_.check_flatten_checker_inst__assert_rvfi_reg_check_sv_42_56)
SBY 12:57:02 [reg_ch0] engine_0: ##   0:00:06  Writing trace to VCD file: engine_0/trace.vcd
SBY 12:57:02 [reg_ch0] engine_0: ##   0:00:06  Writing trace to Verilog testbench: engine_0/trace_tb.v
SBY 12:57:02 [reg_ch0] engine_0: ##   0:00:06  Writing trace to constraints file: engine_0/trace.smtc
SBY 12:57:02 [reg_ch0] engine_0: ##   0:00:06  Writing trace to Yosys witness file: engine_0/trace.yw
SBY 12:57:02 [reg_ch0] engine_0: ##   0:00:06  Status: failed
SBY 12:57:02 [reg_ch0] engine_0: finished (returncode=1)
SBY 12:57:02 [reg_ch0] engine_0: Status returned by engine: FAIL
SBY 12:57:02 [reg_ch0] summary: Elapsed clock time [H:MM:SS (secs)]: 0:00:06 (6)
SBY 12:57:02 [reg_ch0] summary: Elapsed process time [H:MM:SS (secs)]: 0:00:06 (6)
SBY 12:57:02 [reg_ch0] summary: engine_0 (smtbmc bitwuzla) returned FAIL
SBY 12:57:02 [reg_ch0] summary: counterexample trace: reg_ch0/engine_0/trace.vcd
SBY 12:57:02 [reg_ch0] summary:   failed assertion rvfi_testbench._witness_.check_flatten_checker_inst__assert_rvfi_reg_check_sv_42_56 at rvfi_reg_check.sv:42.6-42.59 step 20
SBY 12:57:02 [reg_ch0] DONE (FAIL, rc=0)

Full run log: /srv/hwebench/clones/random-mutation-v2-rep2/cores/bench/worktrees/hyp-20261005-003-r1s2/formal/last_run-h25fd272af206449.log
Per-check logs in: /srv/hwebench/clones/random-mutation-v2-rep2/cores/bench/worktrees/hyp-20261005-003-r1s2/formal/riscv-formal/cores/bench-h25fd272af206449/checks/<check>/logfile.txt
Deleted branch bench-hyp-20261005-002-r1s1 (was 3604306).
  [slot 1] broken: cosim_failed: random1.elf [--istall --dstall]
Deleted branch bench-hyp-20261005-001-r1s0 (was 3604306).
  [slot 0] broken: formal_failed: insn_beq_ch0
xori_ch0] summary: Elapsed clock time [H:MM:SS (secs)]: 0:00:01 (1)
SBY 13:02:02 [insn_xori_ch0] summary: Elapsed process time [H:MM:SS (secs)]: 0:00:01 (1)
SBY 13:02:02 [insn_xori_ch0] summary: engine_0 (smtbmc bitwuzla) returned pass
SBY 13:02:02 [insn_xori_ch0] summary: engine_0 did not produce any traces
SBY 13:02:02 [insn_xori_ch0] DONE (PASS, rc=0)
SBY 13:02:30 [reg_ch0] engine_0: ##   0:01:00  waiting for solver (1 minute)
SBY 13:02:49 [reg_ch0] engine_0: ##   0:01:19  Status: passed
SBY 13:02:49 [reg_ch0] engine_0: finished (returncode=0)
SBY 13:02:49 [reg_ch0] engine_0: Status returned by engine: pass
SBY 13:02:49 [reg_ch0] summary: Elapsed clock time [H:MM:SS (secs)]: 0:01:19 (79)
SBY 13:02:49 [reg_ch0] summary: Elapsed process time [H:MM:SS (secs)]: 0:01:19 (79)
SBY 13:02:49 [reg_ch0] summary: engine_0 (smtbmc bitwuzla) returned pass
SBY 13:02:49 [reg_ch0] summary: engine_0 did not produce any traces
SBY 13:02:49 [reg_ch0] DONE (PASS, rc=0)

Formal: 47 passed, 6 failed
Failed: insn_beq_ch0 insn_bge_ch0 insn_bgeu_ch0 insn_blt_ch0 insn_bltu_ch0 insn_bne_ch0

--- insn_beq_ch0/logfile.txt (last 30 lines) ---
SBY 13:01:31 [insn_beq_ch0] engine_0: ##   0:00:00  Skipping step 7..
SBY 13:01:31 [insn_beq_ch0] engine_0: ##   0:00:00  Skipping step 8..
SBY 13:01:31 [insn_beq_ch0] engine_0: ##   0:00:00  Skipping step 9..
SBY 13:01:31 [insn_beq_ch0] engine_0: ##   0:00:00  Skipping step 10..
SBY 13:01:31 [insn_beq_ch0] engine_0: ##   0:00:00  Skipping step 11..
SBY 13:01:31 [insn_beq_ch0] engine_0: ##   0:00:00  Skipping step 12..
SBY 13:01:31 [insn_beq_ch0] engine_0: ##   0:00:00  Skipping step 13..
SBY 13:01:31 [insn_beq_ch0] engine_0: ##   0:00:00  Skipping step 14..
SBY 13:01:31 [insn_beq_ch0] engine_0: ##   0:00:00  Skipping step 15..
SBY 13:01:31 [insn_beq_ch0] engine_0: ##   0:00:00  Skipping step 16..
SBY 13:01:31 [insn_beq_ch0] engine_0: ##   0:00:00  Skipping step 17..
SBY 13:01:31 [insn_beq_ch0] engine_0: ##   0:00:00  Skipping step 18..
SBY 13:01:31 [insn_beq_ch0] engine_0: ##   0:00:00  Skipping step 19..
SBY 13:01:31 [insn_beq_ch0] engine_0: ##   0:00:00  Checking assumptions in step 20..
SBY 13:01:32 [insn_beq_ch0] engine_0: ##   0:00:00  Checking assertions in step 20..
SBY 13:01:53 [insn_beq_ch0] engine_0: ##   0:00:22  BMC failed!
SBY 13:01:53 [insn_beq_ch0] engine_0: ##   0:00:22  Assert failed in rvfi_testbench: rvfi_insn_check.sv:198.6-198.31 (_witness_.check_flatten_checker_inst__assert_rvfi_insn_check_sv_198_152)
SBY 13:01:53 [insn_beq_ch0] engine_0: ##   0:00:22  Writing trace to VCD file: engine_0/trace.vcd
SBY 13:01:53 [insn_beq_ch0] engine_0: ##   0:00:22  Writing trace to Verilog testbench: engine_0/trace_tb.v
SBY 13:01:53 [insn_beq_ch0] engine_0: ##   0:00:22  Writing trace to constraints file: engine_0/trace.smtc
SBY 13:01:53 [insn_beq_ch0] engine_0: ##   0:00:22  Writing trace to Yosys witness file: engine_0/trace.yw
SBY 13:01:54 [insn_beq_ch0] engine_0: ##   0:00:22  Status: failed
SBY 13:01:54 [insn_beq_ch0] engine_0: finished (returncode=1)
SBY 13:01:54 [insn_beq_ch0] engine_0: Status returned by engine: FAIL
SBY 13:01:54 [insn_beq_ch0] summary: Elapsed clock time [H:MM:SS (secs)]: 0:00:22 (22)
SBY 13:01:54 [insn_beq_ch0] summary: Elapsed process time [H:MM:SS (secs)]: 0:00:22 (22)
SBY 13:01:54 [insn_beq_ch0] summary: engine_0 (smtbmc bitwuzla) returned FAIL
SBY 13:01:54 [insn_beq_ch0] summary: counterexample trace: insn_beq_ch0/engine_0/trace.vcd
SBY 13:01:54 [insn_beq_ch0] summary:   failed assertion rvfi_testbench._witness_.check_flatten_checker_inst__assert_rvfi_insn_check_sv_198_152 at rvfi_insn_check.sv:198.6-198.31 step 20
SBY 13:01:54 [insn_beq_ch0] DONE (FAIL, rc=0)

Full run log: /srv/hwebench/clones/random-mutation-v2-rep2/cores/bench/worktrees/hyp-20261005-001-r1s0/formal/last_run-hcacc5a84d15a4a6.log
Per-check logs in: /srv/hwebench/clones/random-mutation-v2-rep2/cores/bench/worktrees/hyp-20261005-001-r1s0/formal/riscv-formal/cores/bench-hcacc5a84d15a4a6/checks/<check>/logfile.txt
[bench-v2.8.4 02c0cb2] log: hyp-20261005-001-r1s0 broken
 2 files changed, 1 insertion(+)
[bench-v2.8.4 56c75c2] log: hyp-20261005-002-r1s1 broken
 2 files changed, 1 insertion(+)
[bench-v2.8.4 bcf7bbe] log: hyp-20261005-003-r1s2 broken
 1 file changed, 1 insertion(+)

  Round 1 complete: slot 0=broken, slot 1=broken, slot 2=broken (no winner)

============================================================
Round 2  |  slots=3  |  current best=12.12
============================================================
  pre-allocated IDs: ['hyp-20261005-001-r2s0', 'hyp-20261005-002-r2s1', 'hyp-20261005-003-r2s2']
  [slot 0] category=micro_opt id=hyp-20261005-001-r2s0
  [slot 1] category=structural id=hyp-20261005-002-r2s1
  [slot 2] category=predictor id=hyp-20261005-003-r2s2
Preparing worktree (new branch 'bench-hyp-20261005-003-r2s2-hypgen')
Preparing worktree (new branch 'bench-hyp-20261005-002-r2s1-hypgen')
Preparing worktree (new branch 'bench-hyp-20261005-001-r2s0-hypgen')
Deleted branch bench-hyp-20261005-003-r2s2-hypgen (was bcf7bbe).
Preparing worktree (new branch 'bench-hyp-20261005-003-r2s2')
HEAD is now at bcf7bbe log: hyp-20261005-003-r1s2 broken
HEAD is now at bcf7bbe log: hyp-20261005-003-r1s2 broken
HEAD is now at bcf7bbe log: hyp-20261005-003-r1s2 broken
HEAD is now at bcf7bbe log: hyp-20261005-003-r1s2 broken
  [slot 2] worktree=/srv/hwebench/clones/random-mutation-v2-rep2/cores/bench/worktrees/hyp-20261005-003-r2s2
Deleted branch bench-hyp-20261005-002-r2s1-hypgen (was bcf7bbe).
Deleted branch bench-hyp-20261005-001-r2s0-hypgen (was bcf7bbe).
Preparing worktree (new branch 'bench-hyp-20261005-002-r2s1')
HEAD is now at bcf7bbe log: hyp-20261005-003-r1s2 broken
  [slot 1] worktree=/srv/hwebench/clones/random-mutation-v2-rep2/cores/bench/worktrees/hyp-20261005-002-r2s1
Preparing worktree (new branch 'bench-hyp-20261005-001-r2s0')
HEAD is now at bcf7bbe log: hyp-20261005-003-r1s2 broken
  [slot 0] worktree=/srv/hwebench/clones/random-mutation-v2-rep2/cores/bench/worktrees/hyp-20261005-001-r2s0
Deleted branch bench-hyp-20261005-003-r2s2 (was bcf7bbe).
  [slot 2] broken: formal_failed: insn_add_ch0
summary:   failed assertion rvfi_testbench._witness_.check_flatten_checker_inst__assert_rvfi_insn_check_sv_164_99 at rvfi_insn_check.sv:164.7-164.29 step 20
SBY 13:08:19 [insn_sw_ch0] DONE (FAIL, rc=0)

Formal: 7 passed, 46 failed
Failed: insn_add_ch0 insn_addi_ch0 insn_and_ch0 insn_andi_ch0 insn_auipc_ch0 insn_beq_ch0 insn_bge_ch0 insn_bgeu_ch0 insn_blt_ch0 insn_bltu_ch0 insn_bne_ch0 insn_div_ch0 insn_divu_ch0 insn_jal_ch0 insn_jalr_ch0 insn_lb_ch0 insn_lbu_ch0 insn_lh_ch0 insn_lhu_ch0 insn_lui_ch0 insn_lw_ch0 insn_mul_ch0 insn_mulh_ch0 insn_mulhsu_ch0 insn_mulhu_ch0 insn_or_ch0 insn_ori_ch0 insn_rem_ch0 insn_remu_ch0 insn_sb_ch0 insn_sh_ch0 insn_sll_ch0 insn_slli_ch0 insn_slt_ch0 insn_slti_ch0 insn_sltiu_ch0 insn_sltu_ch0 insn_sra_ch0 insn_srai_ch0 insn_srl_ch0 insn_srli_ch0 insn_sub_ch0 insn_sw_ch0 insn_xor_ch0 insn_xori_ch0 reg_ch0

--- insn_add_ch0/logfile.txt (last 30 lines) ---
SBY 13:05:25 [insn_add_ch0] engine_0: ##   0:00:00  Skipping step 9..
SBY 13:05:25 [insn_add_ch0] engine_0: ##   0:00:00  Skipping step 10..
SBY 13:05:25 [insn_add_ch0] engine_0: ##   0:00:00  Skipping step 11..
SBY 13:05:25 [insn_add_ch0] engine_0: ##   0:00:00  Skipping step 12..
SBY 13:05:25 [insn_add_ch0] engine_0: ##   0:00:00  Skipping step 13..
SBY 13:05:25 [insn_add_ch0] engine_0: ##   0:00:00  Skipping step 14..
SBY 13:05:25 [insn_add_ch0] engine_0: ##   0:00:00  Skipping step 15..
SBY 13:05:25 [insn_add_ch0] engine_0: ##   0:00:00  Skipping step 16..
SBY 13:05:25 [insn_add_ch0] engine_0: ##   0:00:00  Skipping step 17..
SBY 13:05:26 [insn_add_ch0] engine_0: ##   0:00:00  Skipping step 18..
SBY 13:05:26 [insn_add_ch0] engine_0: ##   0:00:00  Skipping step 19..
SBY 13:05:26 [insn_add_ch0] engine_0: ##   0:00:00  Checking assumptions in step 20..
SBY 13:05:26 [insn_add_ch0] engine_0: ##   0:00:00  Checking assertions in step 20..
SBY 13:06:07 [insn_add_ch0] engine_0: ##   0:00:41  BMC failed!
SBY 13:06:07 [insn_add_ch0] engine_0: ##   0:00:41  Assert failed in rvfi_testbench: rvfi_insn_check.sv:164.7-164.29 (_witness_.check_flatten_checker_inst__assert_rvfi_insn_check_sv_164_99)
SBY 13:06:07 [insn_add_ch0] engine_0: ##   0:00:41  Assert failed in rvfi_testbench: rvfi_insn_check.sv:177.7-177.40 (_witness_.check_flatten_checker_inst__assert_rvfi_insn_check_sv_177_113)
SBY 13:06:07 [insn_add_ch0] engine_0: ##   0:00:41  Writing trace to VCD file: engine_0/trace.vcd
SBY 13:06:07 [insn_add_ch0] engine_0: ##   0:00:41  Writing trace to Verilog testbench: engine_0/trace_tb.v
SBY 13:06:07 [insn_add_ch0] engine_0: ##   0:00:41  Writing trace to constraints file: engine_0/trace.smtc
SBY 13:06:07 [insn_add_ch0] engine_0: ##   0:00:41  Writing trace to Yosys witness file: engine_0/trace.yw
SBY 13:06:07 [insn_add_ch0] engine_0: ##   0:00:41  Status: failed
SBY 13:06:07 [insn_add_ch0] engine_0: finished (returncode=1)
SBY 13:06:07 [insn_add_ch0] engine_0: Status returned by engine: FAIL
SBY 13:06:07 [insn_add_ch0] summary: Elapsed clock time [H:MM:SS (secs)]: 0:00:42 (42)
SBY 13:06:07 [insn_add_ch0] summary: Elapsed process time [H:MM:SS (secs)]: 0:00:42 (42)
SBY 13:06:07 [insn_add_ch0] summary: engine_0 (smtbmc bitwuzla) returned FAIL
SBY 13:06:07 [insn_add_ch0] summary: counterexample trace: insn_add_ch0/engine_0/trace.vcd
SBY 13:06:07 [insn_add_ch0] summary:   failed assertion rvfi_testbench._witness_.check_flatten_checker_inst__assert_rvfi_insn_check_sv_164_99 at rvfi_insn_check.sv:164.7-164.29 step 20
SBY 13:06:07 [insn_add_ch0] summary:   failed assertion rvfi_testbench._witness_.check_flatten_checker_inst__assert_rvfi_insn_check_sv_177_113 at rvfi_insn_check.sv:177.7-177.40 step 20
SBY 13:06:07 [insn_add_ch0] DONE (FAIL, rc=0)

Full run log: /srv/hwebench/clones/random-mutation-v2-rep2/cores/bench/worktrees/hyp-20261005-003-r2s2/formal/last_run-h1f6c9740efe2481.log
Per-check logs in: /srv/hwebench/clones/random-mutation-v2-rep2/cores/bench/worktrees/hyp-20261005-003-r2s2/formal/riscv-formal/cores/bench-h1f6c9740efe2481/checks/<check>/logfile.txt
Deleted branch bench-hyp-20261005-001-r2s0 (was bcf7bbe).
  [slot 0] broken: formal_failed: insn_add_ch0
:187.9-187.64 step 20
SBY 13:11:36 [insn_sw_ch0] summary:   failed assertion rvfi_testbench._witness_.check_flatten_checker_inst__assert_rvfi_insn_check_sv_187_139 at rvfi_insn_check.sv:187.9-187.64 step 20
SBY 13:11:36 [insn_sw_ch0] summary:   failed assertion rvfi_testbench._witness_.check_flatten_checker_inst__assert_rvfi_insn_check_sv_187_146 at rvfi_insn_check.sv:187.9-187.64 step 20
SBY 13:11:36 [insn_sw_ch0] DONE (FAIL, rc=0)

Formal: 7 passed, 46 failed
Failed: insn_add_ch0 insn_addi_ch0 insn_and_ch0 insn_andi_ch0 insn_auipc_ch0 insn_beq_ch0 insn_bge_ch0 insn_bgeu_ch0 insn_blt_ch0 insn_bltu_ch0 insn_bne_ch0 insn_div_ch0 insn_divu_ch0 insn_jal_ch0 insn_jalr_ch0 insn_lb_ch0 insn_lbu_ch0 insn_lh_ch0 insn_lhu_ch0 insn_lui_ch0 insn_lw_ch0 insn_mul_ch0 insn_mulh_ch0 insn_mulhsu_ch0 insn_mulhu_ch0 insn_or_ch0 insn_ori_ch0 insn_rem_ch0 insn_remu_ch0 insn_sb_ch0 insn_sh_ch0 insn_sll_ch0 insn_slli_ch0 insn_slt_ch0 insn_slti_ch0 insn_sltiu_ch0 insn_sltu_ch0 insn_sra_ch0 insn_srai_ch0 insn_srl_ch0 insn_srli_ch0 insn_sub_ch0 insn_sw_ch0 insn_xor_ch0 insn_xori_ch0 reg_ch0

--- insn_add_ch0/logfile.txt (last 30 lines) ---
SBY 13:09:44 [insn_add_ch0] engine_0: ##   0:00:00  Skipping step 7..
SBY 13:09:44 [insn_add_ch0] engine_0: ##   0:00:00  Skipping step 8..
SBY 13:09:44 [insn_add_ch0] engine_0: ##   0:00:00  Skipping step 9..
SBY 13:09:44 [insn_add_ch0] engine_0: ##   0:00:00  Skipping step 10..
SBY 13:09:44 [insn_add_ch0] engine_0: ##   0:00:00  Skipping step 11..
SBY 13:09:44 [insn_add_ch0] engine_0: ##   0:00:00  Skipping step 12..
SBY 13:09:44 [insn_add_ch0] engine_0: ##   0:00:00  Skipping step 13..
SBY 13:09:44 [insn_add_ch0] engine_0: ##   0:00:00  Skipping step 14..
SBY 13:09:44 [insn_add_ch0] engine_0: ##   0:00:00  Skipping step 15..
SBY 13:09:44 [insn_add_ch0] engine_0: ##   0:00:00  Skipping step 16..
SBY 13:09:44 [insn_add_ch0] engine_0: ##   0:00:00  Skipping step 17..
SBY 13:09:44 [insn_add_ch0] engine_0: ##   0:00:00  Skipping step 18..
SBY 13:09:44 [insn_add_ch0] engine_0: ##   0:00:00  Skipping step 19..
SBY 13:09:44 [insn_add_ch0] engine_0: ##   0:00:00  Checking assumptions in step 20..
SBY 13:09:45 [insn_add_ch0] engine_0: ##   0:00:00  Checking assertions in step 20..
SBY 13:10:07 [insn_add_ch0] engine_0: ##   0:00:22  BMC failed!
SBY 13:10:07 [insn_add_ch0] engine_0: ##   0:00:22  Assert failed in rvfi_testbench: rvfi_insn_check.sv:167.7-167.29 (_witness_.check_flatten_checker_inst__assert_rvfi_insn_check_sv_167_102)
SBY 13:10:07 [insn_add_ch0] engine_0: ##   0:00:22  Writing trace to VCD file: engine_0/trace.vcd
SBY 13:10:07 [insn_add_ch0] engine_0: ##   0:00:23  Writing trace to Verilog testbench: engine_0/trace_tb.v
SBY 13:10:07 [insn_add_ch0] engine_0: ##   0:00:23  Writing trace to constraints file: engine_0/trace.smtc
SBY 13:10:07 [insn_add_ch0] engine_0: ##   0:00:23  Writing trace to Yosys witness file: engine_0/trace.yw
SBY 13:10:07 [insn_add_ch0] engine_0: ##   0:00:23  Status: failed
SBY 13:10:07 [insn_add_ch0] engine_0: finished (returncode=1)
SBY 13:10:07 [insn_add_ch0] engine_0: Status returned by engine: FAIL
SBY 13:10:07 [insn_add_ch0] summary: Elapsed clock time [H:MM:SS (secs)]: 0:00:23 (23)
SBY 13:10:07 [insn_add_ch0] summary: Elapsed process time [H:MM:SS (secs)]: 0:00:23 (23)
SBY 13:10:07 [insn_add_ch0] summary: engine_0 (smtbmc bitwuzla) returned FAIL
SBY 13:10:07 [insn_add_ch0] summary: counterexample trace: insn_add_ch0/engine_0/trace.vcd
SBY 13:10:07 [insn_add_ch0] summary:   failed assertion rvfi_testbench._witness_.check_flatten_checker_inst__assert_rvfi_insn_check_sv_167_102 at rvfi_insn_check.sv:167.7-167.29 step 20
SBY 13:10:07 [insn_add_ch0] DONE (FAIL, rc=0)

Full run log: /srv/hwebench/clones/random-mutation-v2-rep2/cores/bench/worktrees/hyp-20261005-001-r2s0/formal/last_run-hd7ce30110a96470.log
Per-check logs in: /srv/hwebench/clones/random-mutation-v2-rep2/cores/bench/worktrees/hyp-20261005-001-r2s0/formal/riscv-formal/cores/bench-hd7ce30110a96470/checks/<check>/logfile.txt
Deleted branch bench-hyp-20261005-002-r2s1 (was bcf7bbe).
  [slot 1] broken: formal_failed: insn_lbu_ch0
by engine: FAIL
SBY 13:13:58 [reg_ch0] summary: Elapsed clock time [H:MM:SS (secs)]: 0:00:22 (22)
SBY 13:13:58 [reg_ch0] summary: Elapsed process time [H:MM:SS (secs)]: 0:00:22 (22)
SBY 13:13:58 [reg_ch0] summary: engine_0 (smtbmc bitwuzla) returned FAIL
SBY 13:13:58 [reg_ch0] summary: counterexample trace: reg_ch0/engine_0/trace.vcd
SBY 13:13:58 [reg_ch0] summary:   failed assertion rvfi_testbench._witness_.check_flatten_checker_inst__assert_rvfi_reg_check_sv_44_60 at rvfi_reg_check.sv:44.6-44.59 step 20
SBY 13:13:58 [reg_ch0] DONE (FAIL, rc=0)

Formal: 51 passed, 2 failed
Failed: insn_lbu_ch0 reg_ch0

--- insn_lbu_ch0/logfile.txt (last 30 lines) ---
SBY 13:13:44 [insn_lbu_ch0] engine_0: ##   0:00:00  Skipping step 11..
SBY 13:13:44 [insn_lbu_ch0] engine_0: ##   0:00:00  Skipping step 12..
SBY 13:13:44 [insn_lbu_ch0] engine_0: ##   0:00:00  Skipping step 13..
SBY 13:13:44 [insn_lbu_ch0] engine_0: ##   0:00:00  Skipping step 14..
SBY 13:13:44 [insn_lbu_ch0] engine_0: ##   0:00:00  Skipping step 15..
SBY 13:13:44 [insn_lbu_ch0] engine_0: ##   0:00:00  Skipping step 16..
SBY 13:13:44 [insn_lbu_ch0] engine_0: ##   0:00:00  Skipping step 17..
SBY 13:13:44 [insn_lbu_ch0] engine_0: ##   0:00:00  Skipping step 18..
SBY 13:13:44 [insn_lbu_ch0] engine_0: ##   0:00:00  Skipping step 19..
SBY 13:13:44 [insn_lbu_ch0] engine_0: ##   0:00:00  Checking assumptions in step 20..
SBY 13:13:45 [insn_lbu_ch0] engine_0: ##   0:00:00  Checking assertions in step 20..
SBY 13:13:53 [insn_lbu_ch0] engine_0: ##   0:00:09  BMC failed!
SBY 13:13:53 [insn_lbu_ch0] engine_0: ##   0:00:09  Assert failed in rvfi_testbench: rvfi_insn_check.sv:181.8-181.79 (_witness_.check_flatten_checker_inst__assert_rvfi_insn_check_sv_181_120)
SBY 13:13:53 [insn_lbu_ch0] engine_0: ##   0:00:09  Assert failed in rvfi_testbench: rvfi_insn_check.sv:193.9-193.29 (_witness_.check_flatten_checker_inst__assert_rvfi_insn_check_sv_193_144)
SBY 13:13:53 [insn_lbu_ch0] engine_0: ##   0:00:09  Assert failed in rvfi_testbench: rvfi_insn_check.sv:198.6-198.31 (_witness_.check_flatten_checker_inst__assert_rvfi_insn_check_sv_198_152)
SBY 13:13:53 [insn_lbu_ch0] engine_0: ##   0:00:09  Writing trace to VCD file: engine_0/trace.vcd
SBY 13:13:54 [insn_lbu_ch0] engine_0: ##   0:00:09  Writing trace to Verilog testbench: engine_0/trace_tb.v
SBY 13:13:54 [insn_lbu_ch0] engine_0: ##   0:00:09  Writing trace to constraints file: engine_0/trace.smtc
SBY 13:13:54 [insn_lbu_ch0] engine_0: ##   0:00:09  Writing trace to Yosys witness file: engine_0/trace.yw
SBY 13:13:54 [insn_lbu_ch0] engine_0: ##   0:00:10  Status: failed
SBY 13:13:54 [insn_lbu_ch0] engine_0: finished (returncode=1)
SBY 13:13:54 [insn_lbu_ch0] engine_0: Status returned by engine: FAIL
SBY 13:13:54 [insn_lbu_ch0] summary: Elapsed clock time [H:MM:SS (secs)]: 0:00:10 (10)
SBY 13:13:54 [insn_lbu_ch0] summary: Elapsed process time [H:MM:SS (secs)]: 0:00:10 (10)
SBY 13:13:54 [insn_lbu_ch0] summary: engine_0 (smtbmc bitwuzla) returned FAIL
SBY 13:13:54 [insn_lbu_ch0] summary: counterexample trace: insn_lbu_ch0/engine_0/trace.vcd
SBY 13:13:54 [insn_lbu_ch0] summary:   failed assertion rvfi_testbench._witness_.check_flatten_checker_inst__assert_rvfi_insn_check_sv_181_120 at rvfi_insn_check.sv:181.8-181.79 step 20
SBY 13:13:54 [insn_lbu_ch0] summary:   failed assertion rvfi_testbench._witness_.check_flatten_checker_inst__assert_rvfi_insn_check_sv_193_144 at rvfi_insn_check.sv:193.9-193.29 step 20
SBY 13:13:54 [insn_lbu_ch0] summary:   failed assertion rvfi_testbench._witness_.check_flatten_checker_inst__assert_rvfi_insn_check_sv_198_152 at rvfi_insn_check.sv:198.6-198.31 step 20
SBY 13:13:54 [insn_lbu_ch0] DONE (FAIL, rc=0)

Full run log: /srv/hwebench/clones/random-mutation-v2-rep2/cores/bench/worktrees/hyp-20261005-002-r2s1/formal/last_run-hc527992a0fe9472.log
Per-check logs in: /srv/hwebench/clones/random-mutation-v2-rep2/cores/bench/worktrees/hyp-20261005-002-r2s1/formal/riscv-formal/cores/bench-hc527992a0fe9472/checks/<check>/logfile.txt
[bench-v2.8.4 70b180e] log: hyp-20261005-001-r2s0 broken
 2 files changed, 1 insertion(+)
[bench-v2.8.4 b11fba3] log: hyp-20261005-002-r2s1 broken
 2 files changed, 1 insertion(+)
[bench-v2.8.4 66104a5] log: hyp-20261005-003-r2s2 broken
 1 file changed, 1 insertion(+)

  Round 2 complete: slot 0=broken, slot 1=broken, slot 2=broken (no winner)

============================================================
Round 3  |  slots=3  |  current best=12.12
============================================================
  pre-allocated IDs: ['hyp-20261005-001-r3s0', 'hyp-20261005-002-r3s1', 'hyp-20261005-003-r3s2']
  [slot 0] category=micro_opt id=hyp-20261005-001-r3s0
  [slot 1] category=structural id=hyp-20261005-002-r3s1
  [slot 2] category=predictor id=hyp-20261005-003-r3s2
Preparing worktree (new branch 'bench-hyp-20261005-003-r3s2-hypgen')
Preparing worktree (new branch 'bench-hyp-20261005-002-r3s1-hypgen')
Preparing worktree (new branch 'bench-hyp-20261005-001-r3s0-hypgen')
Deleted branch bench-hyp-20261005-003-r3s2-hypgen (was 66104a5).
Preparing worktree (new branch 'bench-hyp-20261005-003-r3s2')
HEAD is now at 66104a5 log: hyp-20261005-003-r2s2 broken
HEAD is now at 66104a5 log: hyp-20261005-003-r2s2 broken
HEAD is now at 66104a5 log: hyp-20261005-003-r2s2 broken
HEAD is now at 66104a5 log: hyp-20261005-003-r2s2 broken
  [slot 2] worktree=/srv/hwebench/clones/random-mutation-v2-rep2/cores/bench/worktrees/hyp-20261005-003-r3s2
Deleted branch bench-hyp-20261005-002-r3s1-hypgen (was 66104a5).
Preparing worktree (new branch 'bench-hyp-20261005-002-r3s1')
HEAD is now at 66104a5 log: hyp-20261005-003-r2s2 broken
  [slot 1] worktree=/srv/hwebench/clones/random-mutation-v2-rep2/cores/bench/worktrees/hyp-20261005-002-r3s1
Deleted branch bench-hyp-20261005-001-r3s0-hypgen (was 66104a5).
Preparing worktree (new branch 'bench-hyp-20261005-001-r3s0')
HEAD is now at 66104a5 log: hyp-20261005-003-r2s2 broken
  [slot 0] worktree=/srv/hwebench/clones/random-mutation-v2-rep2/cores/bench/worktrees/hyp-20261005-001-r3s0
Deleted branch bench-hyp-20261005-001-r3s0 (was 66104a5).
  [slot 0] broken: formal_failed: insn_divu_ch0
 by engine: pass
SBY 13:17:51 [insn_xori_ch0] summary: Elapsed clock time [H:MM:SS (secs)]: 0:00:01 (1)
SBY 13:17:51 [insn_xori_ch0] summary: Elapsed process time [H:MM:SS (secs)]: 0:00:01 (1)
SBY 13:17:51 [insn_xori_ch0] summary: engine_0 (smtbmc bitwuzla) returned pass
SBY 13:17:51 [insn_xori_ch0] summary: engine_0 did not produce any traces
SBY 13:17:51 [insn_xori_ch0] DONE (PASS, rc=0)
SBY 13:18:34 [reg_ch0] engine_0: ##   0:01:01  waiting for solver (1 minute)
SBY 13:18:44 [reg_ch0] engine_0: ##   0:01:11  Status: passed
SBY 13:18:44 [reg_ch0] engine_0: finished (returncode=0)
SBY 13:18:44 [reg_ch0] engine_0: Status returned by engine: pass
SBY 13:18:44 [reg_ch0] summary: Elapsed clock time [H:MM:SS (secs)]: 0:01:12 (72)
SBY 13:18:44 [reg_ch0] summary: Elapsed process time [H:MM:SS (secs)]: 0:01:12 (72)
SBY 13:18:44 [reg_ch0] summary: engine_0 (smtbmc bitwuzla) returned pass
SBY 13:18:44 [reg_ch0] summary: engine_0 did not produce any traces
SBY 13:18:44 [reg_ch0] DONE (PASS, rc=0)

Formal: 52 passed, 1 failed
Failed: insn_divu_ch0

--- insn_divu_ch0/logfile.txt (last 30 lines) ---
SBY 13:17:38 [insn_divu_ch0] engine_0: ##   0:00:00  Skipping step 7..
SBY 13:17:38 [insn_divu_ch0] engine_0: ##   0:00:00  Skipping step 8..
SBY 13:17:38 [insn_divu_ch0] engine_0: ##   0:00:00  Skipping step 9..
SBY 13:17:38 [insn_divu_ch0] engine_0: ##   0:00:00  Skipping step 10..
SBY 13:17:38 [insn_divu_ch0] engine_0: ##   0:00:00  Skipping step 11..
SBY 13:17:38 [insn_divu_ch0] engine_0: ##   0:00:00  Skipping step 12..
SBY 13:17:38 [insn_divu_ch0] engine_0: ##   0:00:00  Skipping step 13..
SBY 13:17:38 [insn_divu_ch0] engine_0: ##   0:00:00  Skipping step 14..
SBY 13:17:38 [insn_divu_ch0] engine_0: ##   0:00:00  Skipping step 15..
SBY 13:17:38 [insn_divu_ch0] engine_0: ##   0:00:00  Skipping step 16..
SBY 13:17:38 [insn_divu_ch0] engine_0: ##   0:00:00  Skipping step 17..
SBY 13:17:38 [insn_divu_ch0] engine_0: ##   0:00:00  Skipping step 18..
SBY 13:17:38 [insn_divu_ch0] engine_0: ##   0:00:00  Skipping step 19..
SBY 13:17:38 [insn_divu_ch0] engine_0: ##   0:00:00  Checking assumptions in step 20..
SBY 13:17:39 [insn_divu_ch0] engine_0: ##   0:00:00  Checking assertions in step 20..
SBY 13:17:39 [insn_divu_ch0] engine_0: ##   0:00:01  BMC failed!
SBY 13:17:39 [insn_divu_ch0] engine_0: ##   0:00:01  Assert failed in rvfi_testbench: rvfi_insn_check.sv:177.7-177.40 (_witness_.check_flatten_checker_inst__assert_rvfi_insn_check_sv_177_113)
SBY 13:17:39 [insn_divu_ch0] engine_0: ##   0:00:01  Writing trace to VCD file: engine_0/trace.vcd
SBY 13:17:39 [insn_divu_ch0] engine_0: ##   0:00:01  Writing trace to Verilog testbench: engine_0/trace_tb.v
SBY 13:17:39 [insn_divu_ch0] engine_0: ##   0:00:01  Writing trace to constraints file: engine_0/trace.smtc
SBY 13:17:39 [insn_divu_ch0] engine_0: ##   0:00:01  Writing trace to Yosys witness file: engine_0/trace.yw
SBY 13:17:39 [insn_divu_ch0] engine_0: ##   0:00:01  Status: failed
SBY 13:17:39 [insn_divu_ch0] engine_0: finished (returncode=1)
SBY 13:17:39 [insn_divu_ch0] engine_0: Status returned by engine: FAIL
SBY 13:17:39 [insn_divu_ch0] summary: Elapsed clock time [H:MM:SS (secs)]: 0:00:01 (1)
SBY 13:17:39 [insn_divu_ch0] summary: Elapsed process time [H:MM:SS (secs)]: 0:00:02 (2)
SBY 13:17:39 [insn_divu_ch0] summary: engine_0 (smtbmc bitwuzla) returned FAIL
SBY 13:17:39 [insn_divu_ch0] summary: counterexample trace: insn_divu_ch0/engine_0/trace.vcd
SBY 13:17:39 [insn_divu_ch0] summary:   failed assertion rvfi_testbench._witness_.check_flatten_checker_inst__assert_rvfi_insn_check_sv_177_113 at rvfi_insn_check.sv:177.7-177.40 step 20
SBY 13:17:39 [insn_divu_ch0] DONE (FAIL, rc=0)

Full run log: /srv/hwebench/clones/random-mutation-v2-rep2/cores/bench/worktrees/hyp-20261005-001-r3s0/formal/last_run-h1859bb9004d840c.log
Per-check logs in: /srv/hwebench/clones/random-mutation-v2-rep2/cores/bench/worktrees/hyp-20261005-001-r3s0/formal/riscv-formal/cores/bench-h1859bb9004d840c/checks/<check>/logfile.txt
Deleted branch bench-hyp-20261005-002-r3s1 (was 66104a5).
  [slot 1] broken: formal_failed: insn_beq_ch0
vfi_testbench._witness_.check_flatten_checker_inst__assert_rvfi_insn_check_sv_186_145 at rvfi_insn_check.sv:186.9-186.29 step 20
SBY 13:22:33 [insn_sh_ch0] summary:   failed assertion rvfi_testbench._witness_.check_flatten_checker_inst__assert_rvfi_insn_check_sv_198_152 at rvfi_insn_check.sv:198.6-198.31 step 20
SBY 13:22:33 [insn_sh_ch0] DONE (FAIL, rc=0)
SBY 13:23:35 [reg_ch0] engine_0: ##   0:02:27  Status: passed
SBY 13:23:35 [reg_ch0] engine_0: finished (returncode=0)
SBY 13:23:35 [reg_ch0] engine_0: Status returned by engine: pass
SBY 13:23:35 [reg_ch0] summary: Elapsed clock time [H:MM:SS (secs)]: 0:02:28 (148)
SBY 13:23:35 [reg_ch0] summary: Elapsed process time [H:MM:SS (secs)]: 0:02:28 (148)
SBY 13:23:35 [reg_ch0] summary: engine_0 (smtbmc bitwuzla) returned pass
SBY 13:23:35 [reg_ch0] summary: engine_0 did not produce any traces
SBY 13:23:35 [reg_ch0] DONE (PASS, rc=0)

Formal: 41 passed, 12 failed
Failed: insn_beq_ch0 insn_bge_ch0 insn_bgeu_ch0 insn_blt_ch0 insn_bltu_ch0 insn_bne_ch0 insn_lb_ch0 insn_lbu_ch0 insn_lh_ch0 insn_lhu_ch0 insn_lw_ch0 insn_sh_ch0

--- insn_beq_ch0/logfile.txt (last 30 lines) ---
SBY 13:21:09 [insn_beq_ch0] engine_0: ##   0:00:00  Skipping step 7..
SBY 13:21:09 [insn_beq_ch0] engine_0: ##   0:00:00  Skipping step 8..
SBY 13:21:09 [insn_beq_ch0] engine_0: ##   0:00:00  Skipping step 9..
SBY 13:21:09 [insn_beq_ch0] engine_0: ##   0:00:00  Skipping step 10..
SBY 13:21:09 [insn_beq_ch0] engine_0: ##   0:00:00  Skipping step 11..
SBY 13:21:09 [insn_beq_ch0] engine_0: ##   0:00:00  Skipping step 12..
SBY 13:21:09 [insn_beq_ch0] engine_0: ##   0:00:00  Skipping step 13..
SBY 13:21:09 [insn_beq_ch0] engine_0: ##   0:00:00  Skipping step 14..
SBY 13:21:09 [insn_beq_ch0] engine_0: ##   0:00:00  Skipping step 15..
SBY 13:21:09 [insn_beq_ch0] engine_0: ##   0:00:00  Skipping step 16..
SBY 13:21:09 [insn_beq_ch0] engine_0: ##   0:00:00  Skipping step 17..
SBY 13:21:10 [insn_beq_ch0] engine_0: ##   0:00:00  Skipping step 18..
SBY 13:21:10 [insn_beq_ch0] engine_0: ##   0:00:00  Skipping step 19..
SBY 13:21:10 [insn_beq_ch0] engine_0: ##   0:00:00  Checking assumptions in step 20..
SBY 13:21:10 [insn_beq_ch0] engine_0: ##   0:00:01  Checking assertions in step 20..
SBY 13:21:16 [insn_beq_ch0] engine_0: ##   0:00:07  BMC failed!
SBY 13:21:16 [insn_beq_ch0] engine_0: ##   0:00:07  Assert failed in rvfi_testbench: rvfi_insn_check.sv:178.7-178.76 (_witness_.check_flatten_checker_inst__assert_rvfi_insn_check_sv_178_115)
SBY 13:21:16 [insn_beq_ch0] engine_0: ##   0:00:07  Writing trace to VCD file: engine_0/trace.vcd
SBY 13:21:16 [insn_beq_ch0] engine_0: ##   0:00:07  Writing trace to Verilog testbench: engine_0/trace_tb.v
SBY 13:21:16 [insn_beq_ch0] engine_0: ##   0:00:07  Writing trace to constraints file: engine_0/trace.smtc
SBY 13:21:16 [insn_beq_ch0] engine_0: ##   0:00:07  Writing trace to Yosys witness file: engine_0/trace.yw
SBY 13:21:17 [insn_beq_ch0] engine_0: ##   0:00:07  Status: failed
SBY 13:21:17 [insn_beq_ch0] engine_0: finished (returncode=1)
SBY 13:21:17 [insn_beq_ch0] engine_0: Status returned by engine: FAIL
SBY 13:21:17 [insn_beq_ch0] summary: Elapsed clock time [H:MM:SS (secs)]: 0:00:08 (8)
SBY 13:21:17 [insn_beq_ch0] summary: Elapsed process time [H:MM:SS (secs)]: 0:00:08 (8)
SBY 13:21:17 [insn_beq_ch0] summary: engine_0 (smtbmc bitwuzla) returned FAIL
SBY 13:21:17 [insn_beq_ch0] summary: counterexample trace: insn_beq_ch0/engine_0/trace.vcd
SBY 13:21:17 [insn_beq_ch0] summary:   failed assertion rvfi_testbench._witness_.check_flatten_checker_inst__assert_rvfi_insn_check_sv_178_115 at rvfi_insn_check.sv:178.7-178.76 step 20
SBY 13:21:17 [insn_beq_ch0] DONE (FAIL, rc=0)

Full run log: /srv/hwebench/clones/random-mutation-v2-rep2/cores/bench/worktrees/hyp-20261005-002-r3s1/formal/last_run-hd74b41d69a1d4ea.log
Per-check logs in: /srv/hwebench/clones/random-mutation-v2-rep2/cores/bench/worktrees/hyp-20261005-002-r3s1/formal/riscv-formal/cores/bench-hd74b41d69a1d4ea/checks/<check>/logfile.txt
Deleted branch bench-hyp-20261005-003-r3s2 (was 66104a5).
  [slot 2] broken: formal_failed: insn_add_ch0
mmary:   failed assertion rvfi_testbench._witness_.check_flatten_checker_inst__assert_rvfi_insn_check_sv_177_113 at rvfi_insn_check.sv:177.7-177.40 step 20
SBY 13:27:57 [insn_xor_ch0] DONE (FAIL, rc=0)

Formal: 7 passed, 46 failed
Failed: insn_add_ch0 insn_addi_ch0 insn_and_ch0 insn_andi_ch0 insn_auipc_ch0 insn_beq_ch0 insn_bge_ch0 insn_bgeu_ch0 insn_blt_ch0 insn_bltu_ch0 insn_bne_ch0 insn_div_ch0 insn_divu_ch0 insn_jal_ch0 insn_jalr_ch0 insn_lb_ch0 insn_lbu_ch0 insn_lh_ch0 insn_lhu_ch0 insn_lui_ch0 insn_lw_ch0 insn_mul_ch0 insn_mulh_ch0 insn_mulhsu_ch0 insn_mulhu_ch0 insn_or_ch0 insn_ori_ch0 insn_rem_ch0 insn_remu_ch0 insn_sb_ch0 insn_sh_ch0 insn_sll_ch0 insn_slli_ch0 insn_slt_ch0 insn_slti_ch0 insn_sltiu_ch0 insn_sltu_ch0 insn_sra_ch0 insn_srai_ch0 insn_srl_ch0 insn_srli_ch0 insn_sub_ch0 insn_sw_ch0 insn_xor_ch0 insn_xori_ch0 reg_ch0

--- insn_add_ch0/logfile.txt (last 30 lines) ---
SBY 13:25:53 [insn_add_ch0] engine_0: ##   0:00:00  Skipping step 9..
SBY 13:25:53 [insn_add_ch0] engine_0: ##   0:00:00  Skipping step 10..
SBY 13:25:53 [insn_add_ch0] engine_0: ##   0:00:00  Skipping step 11..
SBY 13:25:53 [insn_add_ch0] engine_0: ##   0:00:00  Skipping step 12..
SBY 13:25:53 [insn_add_ch0] engine_0: ##   0:00:00  Skipping step 13..
SBY 13:25:53 [insn_add_ch0] engine_0: ##   0:00:00  Skipping step 14..
SBY 13:25:53 [insn_add_ch0] engine_0: ##   0:00:00  Skipping step 15..
SBY 13:25:53 [insn_add_ch0] engine_0: ##   0:00:00  Skipping step 16..
SBY 13:25:53 [insn_add_ch0] engine_0: ##   0:00:00  Skipping step 17..
SBY 13:25:53 [insn_add_ch0] engine_0: ##   0:00:00  Skipping step 18..
SBY 13:25:53 [insn_add_ch0] engine_0: ##   0:00:00  Skipping step 19..
SBY 13:25:53 [insn_add_ch0] engine_0: ##   0:00:00  Checking assumptions in step 20..
SBY 13:25:54 [insn_add_ch0] engine_0: ##   0:00:00  Checking assertions in step 20..
SBY 13:26:18 [insn_add_ch0] engine_0: ##   0:00:24  BMC failed!
SBY 13:26:18 [insn_add_ch0] engine_0: ##   0:00:24  Assert failed in rvfi_testbench: rvfi_insn_check.sv:164.7-164.29 (_witness_.check_flatten_checker_inst__assert_rvfi_insn_check_sv_164_99)
SBY 13:26:18 [insn_add_ch0] engine_0: ##   0:00:24  Assert failed in rvfi_testbench: rvfi_insn_check.sv:177.7-177.40 (_witness_.check_flatten_checker_inst__assert_rvfi_insn_check_sv_177_113)
SBY 13:26:18 [insn_add_ch0] engine_0: ##   0:00:24  Writing trace to VCD file: engine_0/trace.vcd
SBY 13:26:18 [insn_add_ch0] engine_0: ##   0:00:25  Writing trace to Verilog testbench: engine_0/trace_tb.v
SBY 13:26:18 [insn_add_ch0] engine_0: ##   0:00:25  Writing trace to constraints file: engine_0/trace.smtc
SBY 13:26:18 [insn_add_ch0] engine_0: ##   0:00:25  Writing trace to Yosys witness file: engine_0/trace.yw
SBY 13:26:18 [insn_add_ch0] engine_0: ##   0:00:25  Status: failed
SBY 13:26:18 [insn_add_ch0] engine_0: finished (returncode=1)
SBY 13:26:18 [insn_add_ch0] engine_0: Status returned by engine: FAIL
SBY 13:26:18 [insn_add_ch0] summary: Elapsed clock time [H:MM:SS (secs)]: 0:00:25 (25)
SBY 13:26:18 [insn_add_ch0] summary: Elapsed process time [H:MM:SS (secs)]: 0:00:26 (26)
SBY 13:26:18 [insn_add_ch0] summary: engine_0 (smtbmc bitwuzla) returned FAIL
SBY 13:26:18 [insn_add_ch0] summary: counterexample trace: insn_add_ch0/engine_0/trace.vcd
SBY 13:26:18 [insn_add_ch0] summary:   failed assertion rvfi_testbench._witness_.check_flatten_checker_inst__assert_rvfi_insn_check_sv_164_99 at rvfi_insn_check.sv:164.7-164.29 step 20
SBY 13:26:18 [insn_add_ch0] summary:   failed assertion rvfi_testbench._witness_.check_flatten_checker_inst__assert_rvfi_insn_check_sv_177_113 at rvfi_insn_check.sv:177.7-177.40 step 20
SBY 13:26:18 [insn_add_ch0] DONE (FAIL, rc=0)

Full run log: /srv/hwebench/clones/random-mutation-v2-rep2/cores/bench/worktrees/hyp-20261005-003-r3s2/formal/last_run-h5600233e9de8403.log
Per-check logs in: /srv/hwebench/clones/random-mutation-v2-rep2/cores/bench/worktrees/hyp-20261005-003-r3s2/formal/riscv-formal/cores/bench-h5600233e9de8403/checks/<check>/logfile.txt
[bench-v2.8.4 d4217f3] log: hyp-20261005-001-r3s0 broken
 2 files changed, 1 insertion(+)
[bench-v2.8.4 7ee34d5] log: hyp-20261005-002-r3s1 broken
 2 files changed, 1 insertion(+)
[bench-v2.8.4 85d48c0] log: hyp-20261005-003-r3s2 broken
 1 file changed, 1 insertion(+)

  Round 3 complete: slot 0=broken, slot 1=broken, slot 2=broken (no winner)

============================================================
Round 4  |  slots=3  |  current best=12.12
============================================================
  pre-allocated IDs: ['hyp-20261005-001-r4s0', 'hyp-20261005-002-r4s1', 'hyp-20261005-003-r4s2']
  [slot 0] category=micro_opt id=hyp-20261005-001-r4s0
  [slot 1] category=structural id=hyp-20261005-002-r4s1
  [slot 2] category=predictor id=hyp-20261005-003-r4s2
Preparing worktree (new branch 'bench-hyp-20261005-001-r4s0-hypgen')
Preparing worktree (new branch 'bench-hyp-20261005-003-r4s2-hypgen')
Preparing worktree (new branch 'bench-hyp-20261005-002-r4s1-hypgen')
Deleted branch bench-hyp-20261005-001-r4s0-hypgen (was 85d48c0).
Preparing worktree (new branch 'bench-hyp-20261005-001-r4s0')
HEAD is now at 85d48c0 log: hyp-20261005-003-r3s2 broken
HEAD is now at 85d48c0 log: hyp-20261005-003-r3s2 broken
HEAD is now at 85d48c0 log: hyp-20261005-003-r3s2 broken
HEAD is now at 85d48c0 log: hyp-20261005-003-r3s2 broken
  [slot 0] worktree=/srv/hwebench/clones/random-mutation-v2-rep2/cores/bench/worktrees/hyp-20261005-001-r4s0
Deleted branch bench-hyp-20261005-003-r4s2-hypgen (was 85d48c0).
Preparing worktree (new branch 'bench-hyp-20261005-003-r4s2')
HEAD is now at 85d48c0 log: hyp-20261005-003-r3s2 broken
  [slot 2] worktree=/srv/hwebench/clones/random-mutation-v2-rep2/cores/bench/worktrees/hyp-20261005-003-r4s2
Deleted branch bench-hyp-20261005-002-r4s1-hypgen (was 85d48c0).
Preparing worktree (new branch 'bench-hyp-20261005-002-r4s1')
HEAD is now at 85d48c0 log: hyp-20261005-003-r3s2 broken
  [slot 1] worktree=/srv/hwebench/clones/random-mutation-v2-rep2/cores/bench/worktrees/hyp-20261005-002-r4s1
Deleted branch bench-hyp-20261005-003-r4s2 (was 85d48c0).
  [slot 2] broken: formal_failed: insn_add_ch0
ary:   failed assertion rvfi_testbench._witness_.check_flatten_checker_inst__assert_rvfi_insn_check_sv_177_113 at rvfi_insn_check.sv:177.7-177.40 step 20
SBY 13:32:37 [insn_sub_ch0] DONE (FAIL, rc=0)

Formal: 7 passed, 46 failed
Failed: insn_add_ch0 insn_addi_ch0 insn_and_ch0 insn_andi_ch0 insn_auipc_ch0 insn_beq_ch0 insn_bge_ch0 insn_bgeu_ch0 insn_blt_ch0 insn_bltu_ch0 insn_bne_ch0 insn_div_ch0 insn_divu_ch0 insn_jal_ch0 insn_jalr_ch0 insn_lb_ch0 insn_lbu_ch0 insn_lh_ch0 insn_lhu_ch0 insn_lui_ch0 insn_lw_ch0 insn_mul_ch0 insn_mulh_ch0 insn_mulhsu_ch0 insn_mulhu_ch0 insn_or_ch0 insn_ori_ch0 insn_rem_ch0 insn_remu_ch0 insn_sb_ch0 insn_sh_ch0 insn_sll_ch0 insn_slli_ch0 insn_slt_ch0 insn_slti_ch0 insn_sltiu_ch0 insn_sltu_ch0 insn_sra_ch0 insn_srai_ch0 insn_srl_ch0 insn_srli_ch0 insn_sub_ch0 insn_sw_ch0 insn_xor_ch0 insn_xori_ch0 reg_ch0

--- insn_add_ch0/logfile.txt (last 30 lines) ---
SBY 13:30:23 [insn_add_ch0] engine_0: ##   0:00:00  Skipping step 9..
SBY 13:30:23 [insn_add_ch0] engine_0: ##   0:00:00  Skipping step 10..
SBY 13:30:23 [insn_add_ch0] engine_0: ##   0:00:00  Skipping step 11..
SBY 13:30:23 [insn_add_ch0] engine_0: ##   0:00:00  Skipping step 12..
SBY 13:30:23 [insn_add_ch0] engine_0: ##   0:00:00  Skipping step 13..
SBY 13:30:23 [insn_add_ch0] engine_0: ##   0:00:00  Skipping step 14..
SBY 13:30:23 [insn_add_ch0] engine_0: ##   0:00:00  Skipping step 15..
SBY 13:30:23 [insn_add_ch0] engine_0: ##   0:00:00  Skipping step 16..
SBY 13:30:23 [insn_add_ch0] engine_0: ##   0:00:00  Skipping step 17..
SBY 13:30:23 [insn_add_ch0] engine_0: ##   0:00:00  Skipping step 18..
SBY 13:30:23 [insn_add_ch0] engine_0: ##   0:00:00  Skipping step 19..
SBY 13:30:23 [insn_add_ch0] engine_0: ##   0:00:00  Checking assumptions in step 20..
SBY 13:30:23 [insn_add_ch0] engine_0: ##   0:00:00  Checking assertions in step 20..
SBY 13:30:52 [insn_add_ch0] engine_0: ##   0:00:30  BMC failed!
SBY 13:30:52 [insn_add_ch0] engine_0: ##   0:00:30  Assert failed in rvfi_testbench: rvfi_insn_check.sv:167.7-167.29 (_witness_.check_flatten_checker_inst__assert_rvfi_insn_check_sv_167_102)
SBY 13:30:52 [insn_add_ch0] engine_0: ##   0:00:30  Assert failed in rvfi_testbench: rvfi_insn_check.sv:177.7-177.40 (_witness_.check_flatten_checker_inst__assert_rvfi_insn_check_sv_177_113)
SBY 13:30:52 [insn_add_ch0] engine_0: ##   0:00:30  Writing trace to VCD file: engine_0/trace.vcd
SBY 13:30:53 [insn_add_ch0] engine_0: ##   0:00:30  Writing trace to Verilog testbench: engine_0/trace_tb.v
SBY 13:30:53 [insn_add_ch0] engine_0: ##   0:00:30  Writing trace to constraints file: engine_0/trace.smtc
SBY 13:30:53 [insn_add_ch0] engine_0: ##   0:00:30  Writing trace to Yosys witness file: engine_0/trace.yw
SBY 13:30:53 [insn_add_ch0] engine_0: ##   0:00:30  Status: failed
SBY 13:30:53 [insn_add_ch0] engine_0: finished (returncode=1)
SBY 13:30:53 [insn_add_ch0] engine_0: Status returned by engine: FAIL
SBY 13:30:53 [insn_add_ch0] summary: Elapsed clock time [H:MM:SS (secs)]: 0:00:31 (31)
SBY 13:30:53 [insn_add_ch0] summary: Elapsed process time [H:MM:SS (secs)]: 0:00:31 (31)
SBY 13:30:53 [insn_add_ch0] summary: engine_0 (smtbmc bitwuzla) returned FAIL
SBY 13:30:53 [insn_add_ch0] summary: counterexample trace: insn_add_ch0/engine_0/trace.vcd
SBY 13:30:53 [insn_add_ch0] summary:   failed assertion rvfi_testbench._witness_.check_flatten_checker_inst__assert_rvfi_insn_check_sv_167_102 at rvfi_insn_check.sv:167.7-167.29 step 20
SBY 13:30:53 [insn_add_ch0] summary:   failed assertion rvfi_testbench._witness_.check_flatten_checker_inst__assert_rvfi_insn_check_sv_177_113 at rvfi_insn_check.sv:177.7-177.40 step 20
SBY 13:30:53 [insn_add_ch0] DONE (FAIL, rc=0)

Full run log: /srv/hwebench/clones/random-mutation-v2-rep2/cores/bench/worktrees/hyp-20261005-003-r4s2/formal/last_run-h62194d09720144a.log
Per-check logs in: /srv/hwebench/clones/random-mutation-v2-rep2/cores/bench/worktrees/hyp-20261005-003-r4s2/formal/riscv-formal/cores/bench-h62194d09720144a/checks/<check>/logfile.txt
Deleted branch bench-hyp-20261005-002-r4s1 (was 85d48c0).
  [slot 1] broken: formal_failed: insn_add_ch0
ary:   failed assertion rvfi_testbench._witness_.check_flatten_checker_inst__assert_rvfi_insn_check_sv_177_113 at rvfi_insn_check.sv:177.7-177.40 step 20
SBY 13:38:06 [insn_sub_ch0] DONE (FAIL, rc=0)

Formal: 7 passed, 46 failed
Failed: insn_add_ch0 insn_addi_ch0 insn_and_ch0 insn_andi_ch0 insn_auipc_ch0 insn_beq_ch0 insn_bge_ch0 insn_bgeu_ch0 insn_blt_ch0 insn_bltu_ch0 insn_bne_ch0 insn_div_ch0 insn_divu_ch0 insn_jal_ch0 insn_jalr_ch0 insn_lb_ch0 insn_lbu_ch0 insn_lh_ch0 insn_lhu_ch0 insn_lui_ch0 insn_lw_ch0 insn_mul_ch0 insn_mulh_ch0 insn_mulhsu_ch0 insn_mulhu_ch0 insn_or_ch0 insn_ori_ch0 insn_rem_ch0 insn_remu_ch0 insn_sb_ch0 insn_sh_ch0 insn_sll_ch0 insn_slli_ch0 insn_slt_ch0 insn_slti_ch0 insn_sltiu_ch0 insn_sltu_ch0 insn_sra_ch0 insn_srai_ch0 insn_srl_ch0 insn_srli_ch0 insn_sub_ch0 insn_sw_ch0 insn_xor_ch0 insn_xori_ch0 reg_ch0

--- insn_add_ch0/logfile.txt (last 30 lines) ---
SBY 13:36:10 [insn_add_ch0] engine_0: ##   0:00:00  Skipping step 9..
SBY 13:36:10 [insn_add_ch0] engine_0: ##   0:00:00  Skipping step 10..
SBY 13:36:10 [insn_add_ch0] engine_0: ##   0:00:00  Skipping step 11..
SBY 13:36:10 [insn_add_ch0] engine_0: ##   0:00:00  Skipping step 12..
SBY 13:36:10 [insn_add_ch0] engine_0: ##   0:00:00  Skipping step 13..
SBY 13:36:10 [insn_add_ch0] engine_0: ##   0:00:00  Skipping step 14..
SBY 13:36:10 [insn_add_ch0] engine_0: ##   0:00:00  Skipping step 15..
SBY 13:36:10 [insn_add_ch0] engine_0: ##   0:00:00  Skipping step 16..
SBY 13:36:10 [insn_add_ch0] engine_0: ##   0:00:00  Skipping step 17..
SBY 13:36:10 [insn_add_ch0] engine_0: ##   0:00:00  Skipping step 18..
SBY 13:36:10 [insn_add_ch0] engine_0: ##   0:00:00  Skipping step 19..
SBY 13:36:10 [insn_add_ch0] engine_0: ##   0:00:00  Checking assumptions in step 20..
SBY 13:36:11 [insn_add_ch0] engine_0: ##   0:00:00  Checking assertions in step 20..
SBY 13:36:28 [insn_add_ch0] engine_0: ##   0:00:18  BMC failed!
SBY 13:36:28 [insn_add_ch0] engine_0: ##   0:00:18  Assert failed in rvfi_testbench: rvfi_insn_check.sv:167.7-167.29 (_witness_.check_flatten_checker_inst__assert_rvfi_insn_check_sv_167_102)
SBY 13:36:28 [insn_add_ch0] engine_0: ##   0:00:18  Assert failed in rvfi_testbench: rvfi_insn_check.sv:177.7-177.40 (_witness_.check_flatten_checker_inst__assert_rvfi_insn_check_sv_177_113)
SBY 13:36:28 [insn_add_ch0] engine_0: ##   0:00:18  Writing trace to VCD file: engine_0/trace.vcd
SBY 13:36:28 [insn_add_ch0] engine_0: ##   0:00:18  Writing trace to Verilog testbench: engine_0/trace_tb.v
SBY 13:36:28 [insn_add_ch0] engine_0: ##   0:00:18  Writing trace to constraints file: engine_0/trace.smtc
SBY 13:36:28 [insn_add_ch0] engine_0: ##   0:00:18  Writing trace to Yosys witness file: engine_0/trace.yw
SBY 13:36:29 [insn_add_ch0] engine_0: ##   0:00:18  Status: failed
SBY 13:36:29 [insn_add_ch0] engine_0: finished (returncode=1)
SBY 13:36:29 [insn_add_ch0] engine_0: Status returned by engine: FAIL
SBY 13:36:29 [insn_add_ch0] summary: Elapsed clock time [H:MM:SS (secs)]: 0:00:19 (19)
SBY 13:36:29 [insn_add_ch0] summary: Elapsed process time [H:MM:SS (secs)]: 0:00:19 (19)
SBY 13:36:29 [insn_add_ch0] summary: engine_0 (smtbmc bitwuzla) returned FAIL
SBY 13:36:29 [insn_add_ch0] summary: counterexample trace: insn_add_ch0/engine_0/trace.vcd
SBY 13:36:29 [insn_add_ch0] summary:   failed assertion rvfi_testbench._witness_.check_flatten_checker_inst__assert_rvfi_insn_check_sv_167_102 at rvfi_insn_check.sv:167.7-167.29 step 20
SBY 13:36:29 [insn_add_ch0] summary:   failed assertion rvfi_testbench._witness_.check_flatten_checker_inst__assert_rvfi_insn_check_sv_177_113 at rvfi_insn_check.sv:177.7-177.40 step 20
SBY 13:36:29 [insn_add_ch0] DONE (FAIL, rc=0)

Full run log: /srv/hwebench/clones/random-mutation-v2-rep2/cores/bench/worktrees/hyp-20261005-002-r4s1/formal/last_run-hcd3e4ab885ad48d.log
Per-check logs in: /srv/hwebench/clones/random-mutation-v2-rep2/cores/bench/worktrees/hyp-20261005-002-r4s1/formal/riscv-formal/cores/bench-hcd3e4ab885ad48d/checks/<check>/logfile.txt
Deleted branch bench-hyp-20261005-001-r4s0 (was 85d48c0).
  [slot 0] broken: formal_failed: insn_sra_ch0
:SS (secs)]: 0:00:04 (4)
SBY 13:40:23 [insn_sra_ch0] summary: engine_0 (smtbmc bitwuzla) returned FAIL
SBY 13:40:23 [insn_sra_ch0] summary: counterexample trace: insn_sra_ch0/engine_0/trace.vcd
SBY 13:40:23 [insn_sra_ch0] summary:   failed assertion rvfi_testbench._witness_.check_flatten_checker_inst__assert_rvfi_insn_check_sv_198_152 at rvfi_insn_check.sv:198.6-198.31 step 20
SBY 13:40:23 [insn_sra_ch0] DONE (FAIL, rc=0)
SBY 13:41:07 [reg_ch0] engine_0: ##   0:01:00  waiting for solver (1 minute)
SBY 13:41:16 [reg_ch0] engine_0: ##   0:01:10  Status: passed
SBY 13:41:16 [reg_ch0] engine_0: finished (returncode=0)
SBY 13:41:16 [reg_ch0] engine_0: Status returned by engine: pass
SBY 13:41:16 [reg_ch0] summary: Elapsed clock time [H:MM:SS (secs)]: 0:01:10 (70)
SBY 13:41:16 [reg_ch0] summary: Elapsed process time [H:MM:SS (secs)]: 0:01:10 (70)
SBY 13:41:16 [reg_ch0] summary: engine_0 (smtbmc bitwuzla) returned pass
SBY 13:41:16 [reg_ch0] summary: engine_0 did not produce any traces
SBY 13:41:16 [reg_ch0] DONE (PASS, rc=0)

Formal: 52 passed, 1 failed
Failed: insn_sra_ch0

--- insn_sra_ch0/logfile.txt (last 30 lines) ---
SBY 13:40:19 [insn_sra_ch0] engine_0: ##   0:00:00  Skipping step 7..
SBY 13:40:19 [insn_sra_ch0] engine_0: ##   0:00:00  Skipping step 8..
SBY 13:40:19 [insn_sra_ch0] engine_0: ##   0:00:00  Skipping step 9..
SBY 13:40:19 [insn_sra_ch0] engine_0: ##   0:00:00  Skipping step 10..
SBY 13:40:19 [insn_sra_ch0] engine_0: ##   0:00:00  Skipping step 11..
SBY 13:40:19 [insn_sra_ch0] engine_0: ##   0:00:00  Skipping step 12..
SBY 13:40:19 [insn_sra_ch0] engine_0: ##   0:00:00  Skipping step 13..
SBY 13:40:19 [insn_sra_ch0] engine_0: ##   0:00:00  Skipping step 14..
SBY 13:40:19 [insn_sra_ch0] engine_0: ##   0:00:00  Skipping step 15..
SBY 13:40:19 [insn_sra_ch0] engine_0: ##   0:00:00  Skipping step 16..
SBY 13:40:19 [insn_sra_ch0] engine_0: ##   0:00:00  Skipping step 17..
SBY 13:40:19 [insn_sra_ch0] engine_0: ##   0:00:00  Skipping step 18..
SBY 13:40:19 [insn_sra_ch0] engine_0: ##   0:00:00  Skipping step 19..
SBY 13:40:20 [insn_sra_ch0] engine_0: ##   0:00:00  Checking assumptions in step 20..
SBY 13:40:20 [insn_sra_ch0] engine_0: ##   0:00:00  Checking assertions in step 20..
SBY 13:40:23 [insn_sra_ch0] engine_0: ##   0:00:03  BMC failed!
SBY 13:40:23 [insn_sra_ch0] engine_0: ##   0:00:03  Assert failed in rvfi_testbench: rvfi_insn_check.sv:198.6-198.31 (_witness_.check_flatten_checker_inst__assert_rvfi_insn_check_sv_198_152)
SBY 13:40:23 [insn_sra_ch0] engine_0: ##   0:00:03  Writing trace to VCD file: engine_0/trace.vcd
SBY 13:40:23 [insn_sra_ch0] engine_0: ##   0:00:03  Writing trace to Verilog testbench: engine_0/trace_tb.v
SBY 13:40:23 [insn_sra_ch0] engine_0: ##   0:00:03  Writing trace to constraints file: engine_0/trace.smtc
SBY 13:40:23 [insn_sra_ch0] engine_0: ##   0:00:03  Writing trace to Yosys witness file: engine_0/trace.yw
SBY 13:40:23 [insn_sra_ch0] engine_0: ##   0:00:04  Status: failed
SBY 13:40:23 [insn_sra_ch0] engine_0: finished (returncode=1)
SBY 13:40:23 [insn_sra_ch0] engine_0: Status returned by engine: FAIL
SBY 13:40:23 [insn_sra_ch0] summary: Elapsed clock time [H:MM:SS (secs)]: 0:00:04 (4)
SBY 13:40:23 [insn_sra_ch0] summary: Elapsed process time [H:MM:SS (secs)]: 0:00:04 (4)
SBY 13:40:23 [insn_sra_ch0] summary: engine_0 (smtbmc bitwuzla) returned FAIL
SBY 13:40:23 [insn_sra_ch0] summary: counterexample trace: insn_sra_ch0/engine_0/trace.vcd
SBY 13:40:23 [insn_sra_ch0] summary:   failed assertion rvfi_testbench._witness_.check_flatten_checker_inst__assert_rvfi_insn_check_sv_198_152 at rvfi_insn_check.sv:198.6-198.31 step 20
SBY 13:40:23 [insn_sra_ch0] DONE (FAIL, rc=0)

Full run log: /srv/hwebench/clones/random-mutation-v2-rep2/cores/bench/worktrees/hyp-20261005-001-r4s0/formal/last_run-h815d505c7c2642c.log
Per-check logs in: /srv/hwebench/clones/random-mutation-v2-rep2/cores/bench/worktrees/hyp-20261005-001-r4s0/formal/riscv-formal/cores/bench-h815d505c7c2642c/checks/<check>/logfile.txt
[bench-v2.8.4 3c58151] log: hyp-20261005-001-r4s0 broken
 2 files changed, 1 insertion(+)
[bench-v2.8.4 bd9a417] log: hyp-20261005-002-r4s1 broken
 2 files changed, 1 insertion(+)
[bench-v2.8.4 81e951f] log: hyp-20261005-003-r4s2 broken
 1 file changed, 1 insertion(+)

  Round 4 complete: slot 0=broken, slot 1=broken, slot 2=broken (no winner)

============================================================
Round 5  |  slots=3  |  current best=12.12
============================================================
  pre-allocated IDs: ['hyp-20261005-001-r5s0', 'hyp-20261005-002-r5s1', 'hyp-20261005-003-r5s2']
  [slot 0] category=micro_opt id=hyp-20261005-001-r5s0
  [slot 1] category=structural id=hyp-20261005-002-r5s1
  [slot 2] category=predictor id=hyp-20261005-003-r5s2
Preparing worktree (new branch 'bench-hyp-20261005-002-r5s1-hypgen')
Preparing worktree (new branch 'bench-hyp-20261005-003-r5s2-hypgen')
Preparing worktree (new branch 'bench-hyp-20261005-001-r5s0-hypgen')
Deleted branch bench-hyp-20261005-002-r5s1-hypgen (was 81e951f).
Preparing worktree (new branch 'bench-hyp-20261005-002-r5s1')
HEAD is now at 81e951f log: hyp-20261005-003-r4s2 broken
HEAD is now at 81e951f log: hyp-20261005-003-r4s2 broken
HEAD is now at 81e951f log: hyp-20261005-003-r4s2 broken
HEAD is now at 81e951f log: hyp-20261005-003-r4s2 broken
  [slot 1] worktree=/srv/hwebench/clones/random-mutation-v2-rep2/cores/bench/worktrees/hyp-20261005-002-r5s1
Deleted branch bench-hyp-20261005-003-r5s2-hypgen (was 81e951f).
Preparing worktree (new branch 'bench-hyp-20261005-003-r5s2')
HEAD is now at 81e951f log: hyp-20261005-003-r4s2 broken
  [slot 2] worktree=/srv/hwebench/clones/random-mutation-v2-rep2/cores/bench/worktrees/hyp-20261005-003-r5s2
Deleted branch bench-hyp-20261005-001-r5s0-hypgen (was 81e951f).
Preparing worktree (new branch 'bench-hyp-20261005-001-r5s0')
HEAD is now at 81e951f log: hyp-20261005-003-r4s2 broken
  [slot 0] worktree=/srv/hwebench/clones/random-mutation-v2-rep2/cores/bench/worktrees/hyp-20261005-001-r5s0
  [slot 0] eval ok: fitness=12.12 lut4=12312 fmax=5.4MHz
Deleted branch bench-hyp-20261005-002-r5s1 (was 81e951f).
  [slot 1] broken: formal_failed: insn_addi_ch0
0)
SBY 13:47:20 [reg_ch0] engine_0: Status returned by engine: pass
SBY 13:47:20 [reg_ch0] summary: Elapsed clock time [H:MM:SS (secs)]: 0:01:11 (71)
SBY 13:47:20 [reg_ch0] summary: Elapsed process time [H:MM:SS (secs)]: 0:01:11 (71)
SBY 13:47:20 [reg_ch0] summary: engine_0 (smtbmc bitwuzla) returned pass
SBY 13:47:20 [reg_ch0] summary: engine_0 did not produce any traces
SBY 13:47:20 [reg_ch0] DONE (PASS, rc=0)

Formal: 44 passed, 9 failed
Failed: insn_addi_ch0 insn_and_ch0 insn_andi_ch0 insn_ori_ch0 insn_slti_ch0 insn_sltiu_ch0 insn_srai_ch0 insn_srli_ch0 insn_xori_ch0

--- insn_addi_ch0/logfile.txt (last 30 lines) ---
SBY 13:46:10 [insn_addi_ch0] engine_0: ##   0:00:00  Skipping step 11..
SBY 13:46:10 [insn_addi_ch0] engine_0: ##   0:00:00  Skipping step 12..
SBY 13:46:10 [insn_addi_ch0] engine_0: ##   0:00:00  Skipping step 13..
SBY 13:46:10 [insn_addi_ch0] engine_0: ##   0:00:00  Skipping step 14..
SBY 13:46:10 [insn_addi_ch0] engine_0: ##   0:00:00  Skipping step 15..
SBY 13:46:10 [insn_addi_ch0] engine_0: ##   0:00:00  Skipping step 16..
SBY 13:46:10 [insn_addi_ch0] engine_0: ##   0:00:00  Skipping step 17..
SBY 13:46:10 [insn_addi_ch0] engine_0: ##   0:00:00  Skipping step 18..
SBY 13:46:10 [insn_addi_ch0] engine_0: ##   0:00:00  Skipping step 19..
SBY 13:46:10 [insn_addi_ch0] engine_0: ##   0:00:00  Checking assumptions in step 20..
SBY 13:46:11 [insn_addi_ch0] engine_0: ##   0:00:00  Checking assertions in step 20..
SBY 13:46:20 [insn_addi_ch0] engine_0: ##   0:00:10  BMC failed!
SBY 13:46:20 [insn_addi_ch0] engine_0: ##   0:00:10  Assert failed in rvfi_testbench: rvfi_insn_check.sv:176.7-176.38 (_witness_.check_flatten_checker_inst__assert_rvfi_insn_check_sv_176_111)
SBY 13:46:20 [insn_addi_ch0] engine_0: ##   0:00:10  Assert failed in rvfi_testbench: rvfi_insn_check.sv:177.7-177.40 (_witness_.check_flatten_checker_inst__assert_rvfi_insn_check_sv_177_113)
SBY 13:46:20 [insn_addi_ch0] engine_0: ##   0:00:10  Assert failed in rvfi_testbench: rvfi_insn_check.sv:198.6-198.31 (_witness_.check_flatten_checker_inst__assert_rvfi_insn_check_sv_198_152)
SBY 13:46:20 [insn_addi_ch0] engine_0: ##   0:00:10  Writing trace to VCD file: engine_0/trace.vcd
SBY 13:46:20 [insn_addi_ch0] engine_0: ##   0:00:10  Writing trace to Verilog testbench: engine_0/trace_tb.v
SBY 13:46:20 [insn_addi_ch0] engine_0: ##   0:00:10  Writing trace to constraints file: engine_0/trace.smtc
SBY 13:46:20 [insn_addi_ch0] engine_0: ##   0:00:10  Writing trace to Yosys witness file: engine_0/trace.yw
SBY 13:46:20 [insn_addi_ch0] engine_0: ##   0:00:10  Status: failed
SBY 13:46:20 [insn_addi_ch0] engine_0: finished (returncode=1)
SBY 13:46:20 [insn_addi_ch0] engine_0: Status returned by engine: FAIL
SBY 13:46:20 [insn_addi_ch0] summary: Elapsed clock time [H:MM:SS (secs)]: 0:00:11 (11)
SBY 13:46:20 [insn_addi_ch0] summary: Elapsed process time [H:MM:SS (secs)]: 0:00:11 (11)
SBY 13:46:20 [insn_addi_ch0] summary: engine_0 (smtbmc bitwuzla) returned FAIL
SBY 13:46:20 [insn_addi_ch0] summary: counterexample trace: insn_addi_ch0/engine_0/trace.vcd
SBY 13:46:20 [insn_addi_ch0] summary:   failed assertion rvfi_testbench._witness_.check_flatten_checker_inst__assert_rvfi_insn_check_sv_176_111 at rvfi_insn_check.sv:176.7-176.38 step 20
SBY 13:46:20 [insn_addi_ch0] summary:   failed assertion rvfi_testbench._witness_.check_flatten_checker_inst__assert_rvfi_insn_check_sv_177_113 at rvfi_insn_check.sv:177.7-177.40 step 20
SBY 13:46:20 [insn_addi_ch0] summary:   failed assertion rvfi_testbench._witness_.check_flatten_checker_inst__assert_rvfi_insn_check_sv_198_152 at rvfi_insn_check.sv:198.6-198.31 step 20
SBY 13:46:20 [insn_addi_ch0] DONE (FAIL, rc=0)

Full run log: /srv/hwebench/clones/random-mutation-v2-rep2/cores/bench/worktrees/hyp-20261005-002-r5s1/formal/last_run-hf7def797714e469.log
Per-check logs in: /srv/hwebench/clones/random-mutation-v2-rep2/cores/bench/worktrees/hyp-20261005-002-r5s1/formal/riscv-formal/cores/bench-hf7def797714e469/checks/<check>/logfile.txt
Deleted branch bench-hyp-20261005-003-r5s2 (was 81e951f).
  [slot 2] broken: formal_failed: insn_add_ch0
sv:167.7-167.29 step 20
SBY 13:56:43 [insn_sw_ch0] summary:   failed assertion rvfi_testbench._witness_.check_flatten_checker_inst__assert_rvfi_insn_check_sv_187_125 at rvfi_insn_check.sv:187.9-187.64 step 20
SBY 13:56:43 [insn_sw_ch0] summary:   failed assertion rvfi_testbench._witness_.check_flatten_checker_inst__assert_rvfi_insn_check_sv_187_132 at rvfi_insn_check.sv:187.9-187.64 step 20
SBY 13:56:43 [insn_sw_ch0] DONE (FAIL, rc=0)

Formal: 7 passed, 46 failed
Failed: insn_add_ch0 insn_addi_ch0 insn_and_ch0 insn_andi_ch0 insn_auipc_ch0 insn_beq_ch0 insn_bge_ch0 insn_bgeu_ch0 insn_blt_ch0 insn_bltu_ch0 insn_bne_ch0 insn_div_ch0 insn_divu_ch0 insn_jal_ch0 insn_jalr_ch0 insn_lb_ch0 insn_lbu_ch0 insn_lh_ch0 insn_lhu_ch0 insn_lui_ch0 insn_lw_ch0 insn_mul_ch0 insn_mulh_ch0 insn_mulhsu_ch0 insn_mulhu_ch0 insn_or_ch0 insn_ori_ch0 insn_rem_ch0 insn_remu_ch0 insn_sb_ch0 insn_sh_ch0 insn_sll_ch0 insn_slli_ch0 insn_slt_ch0 insn_slti_ch0 insn_sltiu_ch0 insn_sltu_ch0 insn_sra_ch0 insn_srai_ch0 insn_srl_ch0 insn_srli_ch0 insn_sub_ch0 insn_sw_ch0 insn_xor_ch0 insn_xori_ch0 reg_ch0

--- insn_add_ch0/logfile.txt (last 30 lines) ---
SBY 13:54:35 [insn_add_ch0] engine_0: ##   0:00:00  Skipping step 7..
SBY 13:54:35 [insn_add_ch0] engine_0: ##   0:00:00  Skipping step 8..
SBY 13:54:35 [insn_add_ch0] engine_0: ##   0:00:00  Skipping step 9..
SBY 13:54:35 [insn_add_ch0] engine_0: ##   0:00:00  Skipping step 10..
SBY 13:54:35 [insn_add_ch0] engine_0: ##   0:00:00  Skipping step 11..
SBY 13:54:35 [insn_add_ch0] engine_0: ##   0:00:00  Skipping step 12..
SBY 13:54:35 [insn_add_ch0] engine_0: ##   0:00:00  Skipping step 13..
SBY 13:54:35 [insn_add_ch0] engine_0: ##   0:00:00  Skipping step 14..
SBY 13:54:35 [insn_add_ch0] engine_0: ##   0:00:00  Skipping step 15..
SBY 13:54:35 [insn_add_ch0] engine_0: ##   0:00:00  Skipping step 16..
SBY 13:54:35 [insn_add_ch0] engine_0: ##   0:00:00  Skipping step 17..
SBY 13:54:35 [insn_add_ch0] engine_0: ##   0:00:00  Skipping step 18..
SBY 13:54:35 [insn_add_ch0] engine_0: ##   0:00:00  Skipping step 19..
SBY 13:54:35 [insn_add_ch0] engine_0: ##   0:00:00  Checking assumptions in step 20..
SBY 13:54:35 [insn_add_ch0] engine_0: ##   0:00:00  Checking assertions in step 20..
SBY 13:54:37 [insn_add_ch0] engine_0: ##   0:00:02  BMC failed!
SBY 13:54:37 [insn_add_ch0] engine_0: ##   0:00:02  Assert failed in rvfi_testbench: rvfi_insn_check.sv:167.7-167.29 (_witness_.check_flatten_checker_inst__assert_rvfi_insn_check_sv_167_102)
SBY 13:54:37 [insn_add_ch0] engine_0: ##   0:00:02  Writing trace to VCD file: engine_0/trace.vcd
SBY 13:54:37 [insn_add_ch0] engine_0: ##   0:00:02  Writing trace to Verilog testbench: engine_0/trace_tb.v
SBY 13:54:37 [insn_add_ch0] engine_0: ##   0:00:02  Writing trace to constraints file: engine_0/trace.smtc
SBY 13:54:37 [insn_add_ch0] engine_0: ##   0:00:02  Writing trace to Yosys witness file: engine_0/trace.yw
SBY 13:54:37 [insn_add_ch0] engine_0: ##   0:00:02  Status: failed
SBY 13:54:37 [insn_add_ch0] engine_0: finished (returncode=1)
SBY 13:54:37 [insn_add_ch0] engine_0: Status returned by engine: FAIL
SBY 13:54:37 [insn_add_ch0] summary: Elapsed clock time [H:MM:SS (secs)]: 0:00:02 (2)
SBY 13:54:37 [insn_add_ch0] summary: Elapsed process time [H:MM:SS (secs)]: 0:00:03 (3)
SBY 13:54:37 [insn_add_ch0] summary: engine_0 (smtbmc bitwuzla) returned FAIL
SBY 13:54:37 [insn_add_ch0] summary: counterexample trace: insn_add_ch0/engine_0/trace.vcd
SBY 13:54:37 [insn_add_ch0] summary:   failed assertion rvfi_testbench._witness_.check_flatten_checker_inst__assert_rvfi_insn_check_sv_167_102 at rvfi_insn_check.sv:167.7-167.29 step 20
SBY 13:54:37 [insn_add_ch0] DONE (FAIL, rc=0)

Full run log: /srv/hwebench/clones/random-mutation-v2-rep2/cores/bench/worktrees/hyp-20261005-003-r5s2/formal/last_run-ha2a612ea081440f.log
Per-check logs in: /srv/hwebench/clones/random-mutation-v2-rep2/cores/bench/worktrees/hyp-20261005-003-r5s2/formal/riscv-formal/cores/bench-ha2a612ea081440f/checks/<check>/logfile.txt
Deleted branch bench-hyp-20261005-001-r5s0 (was 81e951f).
[bench-v2.8.4 66fa245] log: hyp-20261005-001-r5s0 regression
 2 files changed, 1 insertion(+)
[bench-v2.8.4 7ba7e92] log: hyp-20261005-002-r5s1 broken
 2 files changed, 1 insertion(+)
[bench-v2.8.4 d7f8350] log: hyp-20261005-003-r5s2 broken
 1 file changed, 1 insertion(+)

  Round 5 complete: slot 0=regression, slot 1=broken, slot 2=broken (no winner)

============================================================
Round 6  |  slots=3  |  current best=12.12
============================================================
  pre-allocated IDs: ['hyp-20261005-001-r6s0', 'hyp-20261005-002-r6s1', 'hyp-20261005-003-r6s2']
  [slot 0] category=micro_opt id=hyp-20261005-001-r6s0
  [slot 1] category=structural id=hyp-20261005-002-r6s1
  [slot 2] category=predictor id=hyp-20261005-003-r6s2
Preparing worktree (new branch 'bench-hyp-20261005-003-r6s2-hypgen')
Preparing worktree (new branch 'bench-hyp-20261005-002-r6s1-hypgen')
Preparing worktree (new branch 'bench-hyp-20261005-001-r6s0-hypgen')
Deleted branch bench-hyp-20261005-003-r6s2-hypgen (was d7f8350).
Preparing worktree (new branch 'bench-hyp-20261005-003-r6s2')
HEAD is now at d7f8350 log: hyp-20261005-003-r5s2 broken
HEAD is now at d7f8350 log: hyp-20261005-003-r5s2 broken
HEAD is now at d7f8350 log: hyp-20261005-003-r5s2 broken
HEAD is now at d7f8350 log: hyp-20261005-003-r5s2 broken
  [slot 2] worktree=/srv/hwebench/clones/random-mutation-v2-rep2/cores/bench/worktrees/hyp-20261005-003-r6s2
Deleted branch bench-hyp-20261005-002-r6s1-hypgen (was d7f8350).
Preparing worktree (new branch 'bench-hyp-20261005-002-r6s1')
HEAD is now at d7f8350 log: hyp-20261005-003-r5s2 broken
  [slot 1] worktree=/srv/hwebench/clones/random-mutation-v2-rep2/cores/bench/worktrees/hyp-20261005-002-r6s1
Deleted branch bench-hyp-20261005-001-r6s0-hypgen (was d7f8350).
Preparing worktree (new branch 'bench-hyp-20261005-001-r6s0')
HEAD is now at d7f8350 log: hyp-20261005-003-r5s2 broken
  [slot 0] worktree=/srv/hwebench/clones/random-mutation-v2-rep2/cores/bench/worktrees/hyp-20261005-001-r6s0
Deleted branch bench-hyp-20261005-003-r6s2 (was d7f8350).
  [slot 2] broken: formal_failed: insn_jal_ch0
i_ch0] engine_0: ##   0:00:17  Status: failed
SBY 13:59:02 [insn_srli_ch0] engine_0: finished (returncode=1)
SBY 13:59:02 [insn_srli_ch0] engine_0: Status returned by engine: FAIL
SBY 13:59:02 [insn_srli_ch0] summary: Elapsed clock time [H:MM:SS (secs)]: 0:00:18 (18)
SBY 13:59:02 [insn_srli_ch0] summary: Elapsed process time [H:MM:SS (secs)]: 0:00:18 (18)
SBY 13:59:02 [insn_srli_ch0] summary: engine_0 (smtbmc bitwuzla) returned FAIL
SBY 13:59:02 [insn_srli_ch0] summary: counterexample trace: insn_srli_ch0/engine_0/trace.vcd
SBY 13:59:02 [insn_srli_ch0] summary:   failed assertion rvfi_testbench._witness_.check_flatten_checker_inst__assert_rvfi_insn_check_sv_198_152 at rvfi_insn_check.sv:198.6-198.31 step 20
SBY 13:59:02 [insn_srli_ch0] DONE (FAIL, rc=0)

Formal: 49 passed, 4 failed
Failed: insn_jal_ch0 insn_sh_ch0 insn_srli_ch0 reg_ch0

--- insn_jal_ch0/logfile.txt (last 30 lines) ---
SBY 13:58:33 [insn_jal_ch0] engine_0: ##   0:00:00  Skipping step 9..
SBY 13:58:33 [insn_jal_ch0] engine_0: ##   0:00:00  Skipping step 10..
SBY 13:58:33 [insn_jal_ch0] engine_0: ##   0:00:00  Skipping step 11..
SBY 13:58:33 [insn_jal_ch0] engine_0: ##   0:00:00  Skipping step 12..
SBY 13:58:33 [insn_jal_ch0] engine_0: ##   0:00:00  Skipping step 13..
SBY 13:58:33 [insn_jal_ch0] engine_0: ##   0:00:00  Skipping step 14..
SBY 13:58:33 [insn_jal_ch0] engine_0: ##   0:00:00  Skipping step 15..
SBY 13:58:34 [insn_jal_ch0] engine_0: ##   0:00:00  Skipping step 16..
SBY 13:58:34 [insn_jal_ch0] engine_0: ##   0:00:00  Skipping step 17..
SBY 13:58:34 [insn_jal_ch0] engine_0: ##   0:00:00  Skipping step 18..
SBY 13:58:34 [insn_jal_ch0] engine_0: ##   0:00:00  Skipping step 19..
SBY 13:58:34 [insn_jal_ch0] engine_0: ##   0:00:00  Checking assumptions in step 20..
SBY 13:58:34 [insn_jal_ch0] engine_0: ##   0:00:00  Checking assertions in step 20..
SBY 13:58:42 [insn_jal_ch0] engine_0: ##   0:00:08  BMC failed!
SBY 13:58:42 [insn_jal_ch0] engine_0: ##   0:00:08  Assert failed in rvfi_testbench: rvfi_insn_check.sv:176.7-176.38 (_witness_.check_flatten_checker_inst__assert_rvfi_insn_check_sv_176_111)
SBY 13:58:42 [insn_jal_ch0] engine_0: ##   0:00:08  Assert failed in rvfi_testbench: rvfi_insn_check.sv:177.7-177.40 (_witness_.check_flatten_checker_inst__assert_rvfi_insn_check_sv_177_113)
SBY 13:58:42 [insn_jal_ch0] engine_0: ##   0:00:08  Writing trace to VCD file: engine_0/trace.vcd
SBY 13:58:42 [insn_jal_ch0] engine_0: ##   0:00:08  Writing trace to Verilog testbench: engine_0/trace_tb.v
SBY 13:58:42 [insn_jal_ch0] engine_0: ##   0:00:08  Writing trace to constraints file: engine_0/trace.smtc
SBY 13:58:42 [insn_jal_ch0] engine_0: ##   0:00:08  Writing trace to Yosys witness file: engine_0/trace.yw
SBY 13:58:42 [insn_jal_ch0] engine_0: ##   0:00:08  Status: failed
SBY 13:58:42 [insn_jal_ch0] engine_0: finished (returncode=1)
SBY 13:58:42 [insn_jal_ch0] engine_0: Status returned by engine: FAIL
SBY 13:58:42 [insn_jal_ch0] summary: Elapsed clock time [H:MM:SS (secs)]: 0:00:09 (9)
SBY 13:58:42 [insn_jal_ch0] summary: Elapsed process time [H:MM:SS (secs)]: 0:00:09 (9)
SBY 13:58:42 [insn_jal_ch0] summary: engine_0 (smtbmc bitwuzla) returned FAIL
SBY 13:58:42 [insn_jal_ch0] summary: counterexample trace: insn_jal_ch0/engine_0/trace.vcd
SBY 13:58:42 [insn_jal_ch0] summary:   failed assertion rvfi_testbench._witness_.check_flatten_checker_inst__assert_rvfi_insn_check_sv_176_111 at rvfi_insn_check.sv:176.7-176.38 step 20
SBY 13:58:42 [insn_jal_ch0] summary:   failed assertion rvfi_testbench._witness_.check_flatten_checker_inst__assert_rvfi_insn_check_sv_177_113 at rvfi_insn_check.sv:177.7-177.40 step 20
SBY 13:58:42 [insn_jal_ch0] DONE (FAIL, rc=0)

Full run log: /srv/hwebench/clones/random-mutation-v2-rep2/cores/bench/worktrees/hyp-20261005-003-r6s2/formal/last_run-hfb84181c043a429.log
Per-check logs in: /srv/hwebench/clones/random-mutation-v2-rep2/cores/bench/worktrees/hyp-20261005-003-r6s2/formal/riscv-formal/cores/bench-hfb84181c043a429/checks/<check>/logfile.txt
Deleted branch bench-hyp-20261005-001-r6s0 (was d7f8350).
  [slot 0] broken: formal_failed: insn_add_ch0
ch0] summary: Elapsed clock time [H:MM:SS (secs)]: 0:00:15 (15)
SBY 14:03:15 [insn_srl_ch0] summary: Elapsed process time [H:MM:SS (secs)]: 0:00:15 (15)
SBY 14:03:15 [insn_srl_ch0] summary: engine_0 (smtbmc bitwuzla) returned FAIL
SBY 14:03:15 [insn_srl_ch0] summary: counterexample trace: insn_srl_ch0/engine_0/trace.vcd
SBY 14:03:15 [insn_srl_ch0] summary:   failed assertion rvfi_testbench._witness_.check_flatten_checker_inst__assert_rvfi_insn_check_sv_177_113 at rvfi_insn_check.sv:177.7-177.40 step 20
SBY 14:03:15 [insn_srl_ch0] DONE (FAIL, rc=0)

Formal: 16 passed, 37 failed
Failed: insn_add_ch0 insn_addi_ch0 insn_and_ch0 insn_andi_ch0 insn_auipc_ch0 insn_div_ch0 insn_divu_ch0 insn_jal_ch0 insn_jalr_ch0 insn_lb_ch0 insn_lbu_ch0 insn_lh_ch0 insn_lhu_ch0 insn_lui_ch0 insn_lw_ch0 insn_mul_ch0 insn_mulh_ch0 insn_mulhsu_ch0 insn_mulhu_ch0 insn_or_ch0 insn_ori_ch0 insn_rem_ch0 insn_remu_ch0 insn_sll_ch0 insn_slli_ch0 insn_slt_ch0 insn_slti_ch0 insn_sltiu_ch0 insn_sltu_ch0 insn_sra_ch0 insn_srai_ch0 insn_srl_ch0 insn_srli_ch0 insn_sub_ch0 insn_xor_ch0 insn_xori_ch0 reg_ch0

--- insn_add_ch0/logfile.txt (last 30 lines) ---
SBY 14:02:23 [insn_add_ch0] engine_0: ##   0:00:00  Skipping step 7..
SBY 14:02:23 [insn_add_ch0] engine_0: ##   0:00:00  Skipping step 8..
SBY 14:02:23 [insn_add_ch0] engine_0: ##   0:00:00  Skipping step 9..
SBY 14:02:23 [insn_add_ch0] engine_0: ##   0:00:00  Skipping step 10..
SBY 14:02:23 [insn_add_ch0] engine_0: ##   0:00:00  Skipping step 11..
SBY 14:02:23 [insn_add_ch0] engine_0: ##   0:00:00  Skipping step 12..
SBY 14:02:23 [insn_add_ch0] engine_0: ##   0:00:00  Skipping step 13..
SBY 14:02:24 [insn_add_ch0] engine_0: ##   0:00:00  Skipping step 14..
SBY 14:02:24 [insn_add_ch0] engine_0: ##   0:00:00  Skipping step 15..
SBY 14:02:24 [insn_add_ch0] engine_0: ##   0:00:00  Skipping step 16..
SBY 14:02:24 [insn_add_ch0] engine_0: ##   0:00:00  Skipping step 17..
SBY 14:02:24 [insn_add_ch0] engine_0: ##   0:00:00  Skipping step 18..
SBY 14:02:24 [insn_add_ch0] engine_0: ##   0:00:00  Skipping step 19..
SBY 14:02:24 [insn_add_ch0] engine_0: ##   0:00:00  Checking assumptions in step 20..
SBY 14:02:24 [insn_add_ch0] engine_0: ##   0:00:00  Checking assertions in step 20..
SBY 14:02:32 [insn_add_ch0] engine_0: ##   0:00:08  BMC failed!
SBY 14:02:32 [insn_add_ch0] engine_0: ##   0:00:08  Assert failed in rvfi_testbench: rvfi_insn_check.sv:177.7-177.40 (_witness_.check_flatten_checker_inst__assert_rvfi_insn_check_sv_177_113)
SBY 14:02:32 [insn_add_ch0] engine_0: ##   0:00:08  Writing trace to VCD file: engine_0/trace.vcd
SBY 14:02:32 [insn_add_ch0] engine_0: ##   0:00:08  Writing trace to Verilog testbench: engine_0/trace_tb.v
SBY 14:02:32 [insn_add_ch0] engine_0: ##   0:00:08  Writing trace to constraints file: engine_0/trace.smtc
SBY 14:02:32 [insn_add_ch0] engine_0: ##   0:00:08  Writing trace to Yosys witness file: engine_0/trace.yw
SBY 14:02:32 [insn_add_ch0] engine_0: ##   0:00:09  Status: failed
SBY 14:02:32 [insn_add_ch0] engine_0: finished (returncode=1)
SBY 14:02:32 [insn_add_ch0] engine_0: Status returned by engine: FAIL
SBY 14:02:32 [insn_add_ch0] summary: Elapsed clock time [H:MM:SS (secs)]: 0:00:09 (9)
SBY 14:02:32 [insn_add_ch0] summary: Elapsed process time [H:MM:SS (secs)]: 0:00:09 (9)
SBY 14:02:32 [insn_add_ch0] summary: engine_0 (smtbmc bitwuzla) returned FAIL
SBY 14:02:32 [insn_add_ch0] summary: counterexample trace: insn_add_ch0/engine_0/trace.vcd
SBY 14:02:32 [insn_add_ch0] summary:   failed assertion rvfi_testbench._witness_.check_flatten_checker_inst__assert_rvfi_insn_check_sv_177_113 at rvfi_insn_check.sv:177.7-177.40 step 20
SBY 14:02:32 [insn_add_ch0] DONE (FAIL, rc=0)

Full run log: /srv/hwebench/clones/random-mutation-v2-rep2/cores/bench/worktrees/hyp-20261005-001-r6s0/formal/last_run-h6784d878294a446.log
Per-check logs in: /srv/hwebench/clones/random-mutation-v2-rep2/cores/bench/worktrees/hyp-20261005-001-r6s0/formal/riscv-formal/cores/bench-h6784d878294a446/checks/<check>/logfile.txt
Deleted branch bench-hyp-20261005-002-r6s1 (was d7f8350).
  [slot 1] broken: formal_failed: insn_beq_ch0
IL
SBY 14:06:11 [insn_sh_ch0] summary: counterexample trace: insn_sh_ch0/engine_0/trace.vcd
SBY 14:06:11 [insn_sh_ch0] summary:   failed assertion rvfi_testbench._witness_.check_flatten_checker_inst__assert_rvfi_insn_check_sv_186_124 at rvfi_insn_check.sv:186.9-186.29 step 20
SBY 14:06:11 [insn_sh_ch0] DONE (FAIL, rc=0)
SBY 14:06:25 [reg_ch0] engine_0: ##   0:01:00  waiting for solver (1 minute)
SBY 14:06:42 [reg_ch0] engine_0: ##   0:01:17  Status: passed
SBY 14:06:42 [reg_ch0] engine_0: finished (returncode=0)
SBY 14:06:42 [reg_ch0] engine_0: Status returned by engine: pass
SBY 14:06:42 [reg_ch0] summary: Elapsed clock time [H:MM:SS (secs)]: 0:01:18 (78)
SBY 14:06:42 [reg_ch0] summary: Elapsed process time [H:MM:SS (secs)]: 0:01:18 (78)
SBY 14:06:42 [reg_ch0] summary: engine_0 (smtbmc bitwuzla) returned pass
SBY 14:06:42 [reg_ch0] summary: engine_0 did not produce any traces
SBY 14:06:42 [reg_ch0] DONE (PASS, rc=0)

Formal: 44 passed, 9 failed
Failed: insn_beq_ch0 insn_bge_ch0 insn_bgeu_ch0 insn_blt_ch0 insn_bltu_ch0 insn_bne_ch0 insn_lh_ch0 insn_lhu_ch0 insn_sh_ch0

--- insn_beq_ch0/logfile.txt (last 30 lines) ---
SBY 14:05:26 [insn_beq_ch0] engine_0: ##   0:00:00  Skipping step 7..
SBY 14:05:26 [insn_beq_ch0] engine_0: ##   0:00:00  Skipping step 8..
SBY 14:05:26 [insn_beq_ch0] engine_0: ##   0:00:00  Skipping step 9..
SBY 14:05:26 [insn_beq_ch0] engine_0: ##   0:00:00  Skipping step 10..
SBY 14:05:26 [insn_beq_ch0] engine_0: ##   0:00:00  Skipping step 11..
SBY 14:05:26 [insn_beq_ch0] engine_0: ##   0:00:00  Skipping step 12..
SBY 14:05:26 [insn_beq_ch0] engine_0: ##   0:00:00  Skipping step 13..
SBY 14:05:26 [insn_beq_ch0] engine_0: ##   0:00:00  Skipping step 14..
SBY 14:05:26 [insn_beq_ch0] engine_0: ##   0:00:00  Skipping step 15..
SBY 14:05:26 [insn_beq_ch0] engine_0: ##   0:00:00  Skipping step 16..
SBY 14:05:26 [insn_beq_ch0] engine_0: ##   0:00:00  Skipping step 17..
SBY 14:05:26 [insn_beq_ch0] engine_0: ##   0:00:00  Skipping step 18..
SBY 14:05:26 [insn_beq_ch0] engine_0: ##   0:00:00  Skipping step 19..
SBY 14:05:26 [insn_beq_ch0] engine_0: ##   0:00:00  Checking assumptions in step 20..
SBY 14:05:27 [insn_beq_ch0] engine_0: ##   0:00:00  Checking assertions in step 20..
SBY 14:05:29 [insn_beq_ch0] engine_0: ##   0:00:02  BMC failed!
SBY 14:05:29 [insn_beq_ch0] engine_0: ##   0:00:02  Assert failed in rvfi_testbench: rvfi_insn_check.sv:178.7-178.76 (_witness_.check_flatten_checker_inst__assert_rvfi_insn_check_sv_178_115)
SBY 14:05:29 [insn_beq_ch0] engine_0: ##   0:00:02  Writing trace to VCD file: engine_0/trace.vcd
SBY 14:05:29 [insn_beq_ch0] engine_0: ##   0:00:03  Writing trace to Verilog testbench: engine_0/trace_tb.v
SBY 14:05:29 [insn_beq_ch0] engine_0: ##   0:00:03  Writing trace to constraints file: engine_0/trace.smtc
SBY 14:05:29 [insn_beq_ch0] engine_0: ##   0:00:03  Writing trace to Yosys witness file: engine_0/trace.yw
SBY 14:05:29 [insn_beq_ch0] engine_0: ##   0:00:03  Status: failed
SBY 14:05:29 [insn_beq_ch0] engine_0: finished (returncode=1)
SBY 14:05:29 [insn_beq_ch0] engine_0: Status returned by engine: FAIL
SBY 14:05:29 [insn_beq_ch0] summary: Elapsed clock time [H:MM:SS (secs)]: 0:00:03 (3)
SBY 14:05:29 [insn_beq_ch0] summary: Elapsed process time [H:MM:SS (secs)]: 0:00:04 (4)
SBY 14:05:29 [insn_beq_ch0] summary: engine_0 (smtbmc bitwuzla) returned FAIL
SBY 14:05:29 [insn_beq_ch0] summary: counterexample trace: insn_beq_ch0/engine_0/trace.vcd
SBY 14:05:29 [insn_beq_ch0] summary:   failed assertion rvfi_testbench._witness_.check_flatten_checker_inst__assert_rvfi_insn_check_sv_178_115 at rvfi_insn_check.sv:178.7-178.76 step 20
SBY 14:05:29 [insn_beq_ch0] DONE (FAIL, rc=0)

Full run log: /srv/hwebench/clones/random-mutation-v2-rep2/cores/bench/worktrees/hyp-20261005-002-r6s1/formal/last_run-h97cbc58777364b1.log
Per-check logs in: /srv/hwebench/clones/random-mutation-v2-rep2/cores/bench/worktrees/hyp-20261005-002-r6s1/formal/riscv-formal/cores/bench-h97cbc58777364b1/checks/<check>/logfile.txt
[bench-v2.8.4 3582249] log: hyp-20261005-001-r6s0 broken
 2 files changed, 1 insertion(+)
[bench-v2.8.4 cfc0f3c] log: hyp-20261005-002-r6s1 broken
 2 files changed, 1 insertion(+)
[bench-v2.8.4 332b1fb] log: hyp-20261005-003-r6s2 broken
 1 file changed, 1 insertion(+)

  Round 6 complete: slot 0=broken, slot 1=broken, slot 2=broken (no winner)

============================================================
Round 7  |  slots=3  |  current best=12.12
============================================================
  pre-allocated IDs: ['hyp-20261005-001-r7s0', 'hyp-20261005-002-r7s1', 'hyp-20261005-003-r7s2']
  [slot 0] category=micro_opt id=hyp-20261005-001-r7s0
  [slot 1] category=structural id=hyp-20261005-002-r7s1
  [slot 2] category=predictor id=hyp-20261005-003-r7s2
Preparing worktree (new branch 'bench-hyp-20261005-001-r7s0-hypgen')
Preparing worktree (new branch 'bench-hyp-20261005-003-r7s2-hypgen')
Preparing worktree (new branch 'bench-hyp-20261005-002-r7s1-hypgen')
Deleted branch bench-hyp-20261005-001-r7s0-hypgen (was 332b1fb).
Deleted branch bench-hyp-20261005-003-r7s2-hypgen (was 332b1fb).
Preparing worktree (new branch 'bench-hyp-20261005-001-r7s0')
HEAD is now at 332b1fb log: hyp-20261005-003-r6s2 broken
HEAD is now at 332b1fb log: hyp-20261005-003-r6s2 broken
HEAD is now at 332b1fb log: hyp-20261005-003-r6s2 broken
HEAD is now at 332b1fb log: hyp-20261005-003-r6s2 broken
  [slot 0] worktree=/srv/hwebench/clones/random-mutation-v2-rep2/cores/bench/worktrees/hyp-20261005-001-r7s0
Preparing worktree (new branch 'bench-hyp-20261005-003-r7s2')
HEAD is now at 332b1fb log: hyp-20261005-003-r6s2 broken
  [slot 2] worktree=/srv/hwebench/clones/random-mutation-v2-rep2/cores/bench/worktrees/hyp-20261005-003-r7s2
Deleted branch bench-hyp-20261005-002-r7s1-hypgen (was 332b1fb).
Preparing worktree (new branch 'bench-hyp-20261005-002-r7s1')
HEAD is now at 332b1fb log: hyp-20261005-003-r6s2 broken
  [slot 1] worktree=/srv/hwebench/clones/random-mutation-v2-rep2/cores/bench/worktrees/hyp-20261005-002-r7s1
Deleted branch bench-hyp-20261005-003-r7s2 (was 332b1fb).
  [slot 2] broken: cosim_failed: selftest.elf
Deleted branch bench-hyp-20261005-001-r7s0 (was 332b1fb).
  [slot 0] broken: formal_failed: insn_jalr_ch0
ed clock time [H:MM:SS (secs)]: 0:00:03 (3)
SBY 14:14:00 [insn_sub_ch0] summary: Elapsed process time [H:MM:SS (secs)]: 0:00:03 (3)
SBY 14:14:00 [insn_sub_ch0] summary: engine_0 (smtbmc bitwuzla) returned pass
SBY 14:14:00 [insn_sub_ch0] summary: engine_0 did not produce any traces
SBY 14:14:00 [insn_sub_ch0] DONE (PASS, rc=0)
SBY 14:14:41 [reg_ch0] engine_0: ##   0:01:01  waiting for solver (1 minute)
SBY 14:15:20 [reg_ch0] engine_0: ##   0:01:40  Status: passed
SBY 14:15:20 [reg_ch0] engine_0: finished (returncode=0)
SBY 14:15:20 [reg_ch0] engine_0: Status returned by engine: pass
SBY 14:15:20 [reg_ch0] summary: Elapsed clock time [H:MM:SS (secs)]: 0:01:40 (100)
SBY 14:15:20 [reg_ch0] summary: Elapsed process time [H:MM:SS (secs)]: 0:01:41 (101)
SBY 14:15:20 [reg_ch0] summary: engine_0 (smtbmc bitwuzla) returned pass
SBY 14:15:20 [reg_ch0] summary: engine_0 did not produce any traces
SBY 14:15:20 [reg_ch0] DONE (PASS, rc=0)
make: Target 'all' not remade because of errors.

Formal: 51 passed, 2 failed
Failed: insn_jalr_ch0 liveness_ch0

--- insn_jalr_ch0/logfile.txt (last 30 lines) ---
SBY 14:13:46 [insn_jalr_ch0] engine_0: ##   0:00:00  Skipping step 7..
SBY 14:13:46 [insn_jalr_ch0] engine_0: ##   0:00:00  Skipping step 8..
SBY 14:13:46 [insn_jalr_ch0] engine_0: ##   0:00:00  Skipping step 9..
SBY 14:13:46 [insn_jalr_ch0] engine_0: ##   0:00:00  Skipping step 10..
SBY 14:13:46 [insn_jalr_ch0] engine_0: ##   0:00:00  Skipping step 11..
SBY 14:13:46 [insn_jalr_ch0] engine_0: ##   0:00:00  Skipping step 12..
SBY 14:13:46 [insn_jalr_ch0] engine_0: ##   0:00:00  Skipping step 13..
SBY 14:13:46 [insn_jalr_ch0] engine_0: ##   0:00:00  Skipping step 14..
SBY 14:13:46 [insn_jalr_ch0] engine_0: ##   0:00:00  Skipping step 15..
SBY 14:13:46 [insn_jalr_ch0] engine_0: ##   0:00:00  Skipping step 16..
SBY 14:13:46 [insn_jalr_ch0] engine_0: ##   0:00:00  Skipping step 17..
SBY 14:13:46 [insn_jalr_ch0] engine_0: ##   0:00:00  Skipping step 18..
SBY 14:13:46 [insn_jalr_ch0] engine_0: ##   0:00:00  Skipping step 19..
SBY 14:13:46 [insn_jalr_ch0] engine_0: ##   0:00:00  Checking assumptions in step 20..
SBY 14:13:47 [insn_jalr_ch0] engine_0: ##   0:00:00  Checking assertions in step 20..
SBY 14:13:48 [insn_jalr_ch0] engine_0: ##   0:00:02  BMC failed!
SBY 14:13:48 [insn_jalr_ch0] engine_0: ##   0:00:02  Assert failed in rvfi_testbench: rvfi_insn_check.sv:198.6-198.31 (_witness_.check_flatten_checker_inst__assert_rvfi_insn_check_sv_198_152)
SBY 14:13:48 [insn_jalr_ch0] engine_0: ##   0:00:02  Writing trace to VCD file: engine_0/trace.vcd
SBY 14:13:48 [insn_jalr_ch0] engine_0: ##   0:00:02  Writing trace to Verilog testbench: engine_0/trace_tb.v
SBY 14:13:48 [insn_jalr_ch0] engine_0: ##   0:00:02  Writing trace to constraints file: engine_0/trace.smtc
SBY 14:13:48 [insn_jalr_ch0] engine_0: ##   0:00:02  Writing trace to Yosys witness file: engine_0/trace.yw
SBY 14:13:49 [insn_jalr_ch0] engine_0: ##   0:00:02  Status: failed
SBY 14:13:49 [insn_jalr_ch0] engine_0: finished (returncode=1)
SBY 14:13:49 [insn_jalr_ch0] engine_0: Status returned by engine: FAIL
SBY 14:13:49 [insn_jalr_ch0] summary: Elapsed clock time [H:MM:SS (secs)]: 0:00:03 (3)
SBY 14:13:49 [insn_jalr_ch0] summary: Elapsed process time [H:MM:SS (secs)]: 0:00:03 (3)
SBY 14:13:49 [insn_jalr_ch0] summary: engine_0 (smtbmc bitwuzla) returned FAIL
SBY 14:13:49 [insn_jalr_ch0] summary: counterexample trace: insn_jalr_ch0/engine_0/trace.vcd
SBY 14:13:49 [insn_jalr_ch0] summary:   failed assertion rvfi_testbench._witness_.check_flatten_checker_inst__assert_rvfi_insn_check_sv_198_152 at rvfi_insn_check.sv:198.6-198.31 step 20
SBY 14:13:49 [insn_jalr_ch0] DONE (FAIL, rc=0)

Full run log: /srv/hwebench/clones/random-mutation-v2-rep2/cores/bench/worktrees/hyp-20261005-001-r7s0/formal/last_run-hfdf806933d18447.log
Per-check logs in: /srv/hwebench/clones/random-mutation-v2-rep2/cores/bench/worktrees/hyp-20261005-001-r7s0/formal/riscv-formal/cores/bench-hfdf806933d18447/checks/<check>/logfile.txt
Deleted branch bench-hyp-20261005-002-r7s1 (was 332b1fb).
  [slot 1] broken: formal_failed: insn_addi_ch0
] engine_0: ##   0:00:23  Writing trace to Yosys witness file: engine_0/trace.yw
SBY 14:21:22 [insn_srai_ch0] engine_0: ##   0:00:24  Status: failed
SBY 14:21:22 [insn_srai_ch0] engine_0: finished (returncode=1)
SBY 14:21:22 [insn_srai_ch0] engine_0: Status returned by engine: FAIL
SBY 14:21:22 [insn_srai_ch0] summary: Elapsed clock time [H:MM:SS (secs)]: 0:00:24 (24)
SBY 14:21:22 [insn_srai_ch0] summary: Elapsed process time [H:MM:SS (secs)]: 0:00:24 (24)
SBY 14:21:22 [insn_srai_ch0] summary: engine_0 (smtbmc bitwuzla) returned FAIL
SBY 14:21:22 [insn_srai_ch0] summary: counterexample trace: insn_srai_ch0/engine_0/trace.vcd
SBY 14:21:22 [insn_srai_ch0] summary:   failed assertion rvfi_testbench._witness_.check_flatten_checker_inst__assert_rvfi_insn_check_sv_177_113 at rvfi_insn_check.sv:177.7-177.40 step 20
SBY 14:21:22 [insn_srai_ch0] DONE (FAIL, rc=0)

Formal: 42 passed, 11 failed
Failed: insn_addi_ch0 insn_andi_ch0 insn_jalr_ch0 insn_ori_ch0 insn_slli_ch0 insn_slti_ch0 insn_sltiu_ch0 insn_srai_ch0 insn_srli_ch0 insn_xori_ch0 reg_ch0

--- insn_addi_ch0/logfile.txt (last 30 lines) ---
SBY 14:20:38 [insn_addi_ch0] engine_0: ##   0:00:00  Skipping step 7..
SBY 14:20:38 [insn_addi_ch0] engine_0: ##   0:00:00  Skipping step 8..
SBY 14:20:38 [insn_addi_ch0] engine_0: ##   0:00:00  Skipping step 9..
SBY 14:20:38 [insn_addi_ch0] engine_0: ##   0:00:00  Skipping step 10..
SBY 14:20:38 [insn_addi_ch0] engine_0: ##   0:00:00  Skipping step 11..
SBY 14:20:38 [insn_addi_ch0] engine_0: ##   0:00:00  Skipping step 12..
SBY 14:20:38 [insn_addi_ch0] engine_0: ##   0:00:00  Skipping step 13..
SBY 14:20:38 [insn_addi_ch0] engine_0: ##   0:00:00  Skipping step 14..
SBY 14:20:38 [insn_addi_ch0] engine_0: ##   0:00:00  Skipping step 15..
SBY 14:20:38 [insn_addi_ch0] engine_0: ##   0:00:00  Skipping step 16..
SBY 14:20:38 [insn_addi_ch0] engine_0: ##   0:00:00  Skipping step 17..
SBY 14:20:38 [insn_addi_ch0] engine_0: ##   0:00:00  Skipping step 18..
SBY 14:20:38 [insn_addi_ch0] engine_0: ##   0:00:00  Skipping step 19..
SBY 14:20:38 [insn_addi_ch0] engine_0: ##   0:00:00  Checking assumptions in step 20..
SBY 14:20:39 [insn_addi_ch0] engine_0: ##   0:00:01  Checking assertions in step 20..
SBY 14:20:44 [insn_addi_ch0] engine_0: ##   0:00:06  BMC failed!
SBY 14:20:44 [insn_addi_ch0] engine_0: ##   0:00:06  Assert failed in rvfi_testbench: rvfi_insn_check.sv:177.7-177.40 (_witness_.check_flatten_checker_inst__assert_rvfi_insn_check_sv_177_113)
SBY 14:20:44 [insn_addi_ch0] engine_0: ##   0:00:06  Writing trace to VCD file: engine_0/trace.vcd
SBY 14:20:44 [insn_addi_ch0] engine_0: ##   0:00:06  Writing trace to Verilog testbench: engine_0/trace_tb.v
SBY 14:20:44 [insn_addi_ch0] engine_0: ##   0:00:06  Writing trace to constraints file: engine_0/trace.smtc
SBY 14:20:44 [insn_addi_ch0] engine_0: ##   0:00:06  Writing trace to Yosys witness file: engine_0/trace.yw
SBY 14:20:45 [insn_addi_ch0] engine_0: ##   0:00:06  Status: failed
SBY 14:20:45 [insn_addi_ch0] engine_0: finished (returncode=1)
SBY 14:20:45 [insn_addi_ch0] engine_0: Status returned by engine: FAIL
SBY 14:20:45 [insn_addi_ch0] summary: Elapsed clock time [H:MM:SS (secs)]: 0:00:07 (7)
SBY 14:20:45 [insn_addi_ch0] summary: Elapsed process time [H:MM:SS (secs)]: 0:00:07 (7)
SBY 14:20:45 [insn_addi_ch0] summary: engine_0 (smtbmc bitwuzla) returned FAIL
SBY 14:20:45 [insn_addi_ch0] summary: counterexample trace: insn_addi_ch0/engine_0/trace.vcd
SBY 14:20:45 [insn_addi_ch0] summary:   failed assertion rvfi_testbench._witness_.check_flatten_checker_inst__assert_rvfi_insn_check_sv_177_113 at rvfi_insn_check.sv:177.7-177.40 step 20
SBY 14:20:45 [insn_addi_ch0] DONE (FAIL, rc=0)

Full run log: /srv/hwebench/clones/random-mutation-v2-rep2/cores/bench/worktrees/hyp-20261005-002-r7s1/formal/last_run-h0cd9e2f186c84e4.log
Per-check logs in: /srv/hwebench/clones/random-mutation-v2-rep2/cores/bench/worktrees/hyp-20261005-002-r7s1/formal/riscv-formal/cores/bench-h0cd9e2f186c84e4/checks/<check>/logfile.txt
[bench-v2.8.4 4039e5f] log: hyp-20261005-001-r7s0 broken
 2 files changed, 1 insertion(+)
[bench-v2.8.4 a875afc] log: hyp-20261005-002-r7s1 broken
 2 files changed, 1 insertion(+)
[bench-v2.8.4 75063ac] log: hyp-20261005-003-r7s2 broken
 1 file changed, 1 insertion(+)

  Round 7 complete: slot 0=broken, slot 1=broken, slot 2=broken (no winner)

============================================================
Round 8  |  slots=3  |  current best=12.12
============================================================
  pre-allocated IDs: ['hyp-20261005-001-r8s0', 'hyp-20261005-002-r8s1', 'hyp-20261005-003-r8s2']
  [slot 0] category=micro_opt id=hyp-20261005-001-r8s0
  [slot 1] category=structural id=hyp-20261005-002-r8s1
  [slot 2] category=predictor id=hyp-20261005-003-r8s2
Preparing worktree (new branch 'bench-hyp-20261005-002-r8s1-hypgen')
Preparing worktree (new branch 'bench-hyp-20261005-001-r8s0-hypgen')
Preparing worktree (new branch 'bench-hyp-20261005-003-r8s2-hypgen')
Deleted branch bench-hyp-20261005-002-r8s1-hypgen (was 75063ac).
Preparing worktree (new branch 'bench-hyp-20261005-002-r8s1')
HEAD is now at 75063ac log: hyp-20261005-003-r7s2 broken
HEAD is now at 75063ac log: hyp-20261005-003-r7s2 broken
HEAD is now at 75063ac log: hyp-20261005-003-r7s2 broken
HEAD is now at 75063ac log: hyp-20261005-003-r7s2 broken
  [slot 1] worktree=/srv/hwebench/clones/random-mutation-v2-rep2/cores/bench/worktrees/hyp-20261005-002-r8s1
Deleted branch bench-hyp-20261005-001-r8s0-hypgen (was 75063ac).
Preparing worktree (new branch 'bench-hyp-20261005-001-r8s0')
HEAD is now at 75063ac log: hyp-20261005-003-r7s2 broken
  [slot 0] worktree=/srv/hwebench/clones/random-mutation-v2-rep2/cores/bench/worktrees/hyp-20261005-001-r8s0
Deleted branch bench-hyp-20261005-003-r8s2-hypgen (was 75063ac).
Preparing worktree (new branch 'bench-hyp-20261005-003-r8s2')
HEAD is now at 75063ac log: hyp-20261005-003-r7s2 broken
  [slot 2] worktree=/srv/hwebench/clones/random-mutation-v2-rep2/cores/bench/worktrees/hyp-20261005-003-r8s2
Deleted branch bench-hyp-20261005-001-r8s0 (was 75063ac).
  [slot 0] broken: cosim_failed: random1.elf [--istall --dstall]
Deleted branch bench-hyp-20261005-003-r8s2 (was 75063ac).
  [slot 2] broken: formal_failed: insn_add_ch0
d assertion rvfi_testbench._witness_.check_flatten_checker_inst__assert_rvfi_insn_check_sv_167_102 at rvfi_insn_check.sv:167.7-167.29 step 20
SBY 14:33:28 [insn_xori_ch0] DONE (FAIL, rc=0)

Formal: 6 passed, 47 failed
Failed: insn_add_ch0 insn_addi_ch0 insn_and_ch0 insn_andi_ch0 insn_auipc_ch0 insn_beq_ch0 insn_bge_ch0 insn_bgeu_ch0 insn_blt_ch0 insn_bltu_ch0 insn_bne_ch0 insn_div_ch0 insn_divu_ch0 insn_jal_ch0 insn_jalr_ch0 insn_lb_ch0 insn_lbu_ch0 insn_lh_ch0 insn_lhu_ch0 insn_lui_ch0 insn_lw_ch0 insn_mul_ch0 insn_mulh_ch0 insn_mulhsu_ch0 insn_mulhu_ch0 insn_or_ch0 insn_ori_ch0 insn_rem_ch0 insn_remu_ch0 insn_sb_ch0 insn_sh_ch0 insn_sll_ch0 insn_slli_ch0 insn_slt_ch0 insn_slti_ch0 insn_sltiu_ch0 insn_sltu_ch0 insn_sra_ch0 insn_srai_ch0 insn_srl_ch0 insn_srli_ch0 insn_sub_ch0 insn_sw_ch0 insn_xor_ch0 insn_xori_ch0 pc_fwd_ch0 reg_ch0

--- insn_add_ch0/logfile.txt (last 30 lines) ---
SBY 14:30:42 [insn_add_ch0] engine_0: ##   0:00:00  Skipping step 9..
SBY 14:30:42 [insn_add_ch0] engine_0: ##   0:00:00  Skipping step 10..
SBY 14:30:42 [insn_add_ch0] engine_0: ##   0:00:00  Skipping step 11..
SBY 14:30:42 [insn_add_ch0] engine_0: ##   0:00:00  Skipping step 12..
SBY 14:30:42 [insn_add_ch0] engine_0: ##   0:00:00  Skipping step 13..
SBY 14:30:42 [insn_add_ch0] engine_0: ##   0:00:00  Skipping step 14..
SBY 14:30:42 [insn_add_ch0] engine_0: ##   0:00:00  Skipping step 15..
SBY 14:30:42 [insn_add_ch0] engine_0: ##   0:00:00  Skipping step 16..
SBY 14:30:42 [insn_add_ch0] engine_0: ##   0:00:00  Skipping step 17..
SBY 14:30:42 [insn_add_ch0] engine_0: ##   0:00:00  Skipping step 18..
SBY 14:30:42 [insn_add_ch0] engine_0: ##   0:00:00  Skipping step 19..
SBY 14:30:42 [insn_add_ch0] engine_0: ##   0:00:00  Checking assumptions in step 20..
SBY 14:30:42 [insn_add_ch0] engine_0: ##   0:00:01  Checking assertions in step 20..
SBY 14:31:02 [insn_add_ch0] engine_0: ##   0:00:20  BMC failed!
SBY 14:31:02 [insn_add_ch0] engine_0: ##   0:00:20  Assert failed in rvfi_testbench: rvfi_insn_check.sv:167.7-167.29 (_witness_.check_flatten_checker_inst__assert_rvfi_insn_check_sv_167_102)
SBY 14:31:02 [insn_add_ch0] engine_0: ##   0:00:20  Assert failed in rvfi_testbench: rvfi_insn_check.sv:177.7-177.40 (_witness_.check_flatten_checker_inst__assert_rvfi_insn_check_sv_177_113)
SBY 14:31:02 [insn_add_ch0] engine_0: ##   0:00:20  Writing trace to VCD file: engine_0/trace.vcd
SBY 14:31:02 [insn_add_ch0] engine_0: ##   0:00:20  Writing trace to Verilog testbench: engine_0/trace_tb.v
SBY 14:31:02 [insn_add_ch0] engine_0: ##   0:00:20  Writing trace to constraints file: engine_0/trace.smtc
SBY 14:31:02 [insn_add_ch0] engine_0: ##   0:00:20  Writing trace to Yosys witness file: engine_0/trace.yw
SBY 14:31:02 [insn_add_ch0] engine_0: ##   0:00:20  Status: failed
SBY 14:31:02 [insn_add_ch0] engine_0: finished (returncode=1)
SBY 14:31:02 [insn_add_ch0] engine_0: Status returned by engine: FAIL
SBY 14:31:02 [insn_add_ch0] summary: Elapsed clock time [H:MM:SS (secs)]: 0:00:21 (21)
SBY 14:31:02 [insn_add_ch0] summary: Elapsed process time [H:MM:SS (secs)]: 0:00:21 (21)
SBY 14:31:02 [insn_add_ch0] summary: engine_0 (smtbmc bitwuzla) returned FAIL
SBY 14:31:02 [insn_add_ch0] summary: counterexample trace: insn_add_ch0/engine_0/trace.vcd
SBY 14:31:02 [insn_add_ch0] summary:   failed assertion rvfi_testbench._witness_.check_flatten_checker_inst__assert_rvfi_insn_check_sv_167_102 at rvfi_insn_check.sv:167.7-167.29 step 20
SBY 14:31:02 [insn_add_ch0] summary:   failed assertion rvfi_testbench._witness_.check_flatten_checker_inst__assert_rvfi_insn_check_sv_177_113 at rvfi_insn_check.sv:177.7-177.40 step 20
SBY 14:31:02 [insn_add_ch0] DONE (FAIL, rc=0)

Full run log: /srv/hwebench/clones/random-mutation-v2-rep2/cores/bench/worktrees/hyp-20261005-003-r8s2/formal/last_run-h6245e93fb5514d7.log
Per-check logs in: /srv/hwebench/clones/random-mutation-v2-rep2/cores/bench/worktrees/hyp-20261005-003-r8s2/formal/riscv-formal/cores/bench-h6245e93fb5514d7/checks/<check>/logfile.txt
Deleted branch bench-hyp-20261005-002-r8s1 (was 75063ac).
  [slot 1] broken: formal_failed: insn_jalr_ch0
 Elapsed process time [H:MM:SS (secs)]: 0:00:01 (1)
SBY 14:39:55 [insn_xori_ch0] summary: engine_0 (smtbmc bitwuzla) returned pass
SBY 14:39:55 [insn_xori_ch0] summary: engine_0 did not produce any traces
SBY 14:39:55 [insn_xori_ch0] DONE (PASS, rc=0)
SBY 14:39:55 [insn_xor_ch0] engine_0: finished (returncode=0)
SBY 14:39:55 [insn_xor_ch0] engine_0: Status returned by engine: pass
SBY 14:39:55 [insn_xor_ch0] summary: Elapsed clock time [H:MM:SS (secs)]: 0:00:01 (1)
SBY 14:39:55 [insn_xor_ch0] summary: Elapsed process time [H:MM:SS (secs)]: 0:00:01 (1)
SBY 14:39:55 [insn_xor_ch0] summary: engine_0 (smtbmc bitwuzla) returned pass
SBY 14:39:55 [insn_xor_ch0] summary: engine_0 did not produce any traces
SBY 14:39:55 [insn_xor_ch0] DONE (PASS, rc=0)

Formal: 51 passed, 2 failed
Failed: insn_jalr_ch0 reg_ch0

--- insn_jalr_ch0/logfile.txt (last 30 lines) ---
SBY 14:39:39 [insn_jalr_ch0] engine_0: ##   0:00:00  Skipping step 9..
SBY 14:39:39 [insn_jalr_ch0] engine_0: ##   0:00:00  Skipping step 10..
SBY 14:39:39 [insn_jalr_ch0] engine_0: ##   0:00:00  Skipping step 11..
SBY 14:39:39 [insn_jalr_ch0] engine_0: ##   0:00:00  Skipping step 12..
SBY 14:39:39 [insn_jalr_ch0] engine_0: ##   0:00:00  Skipping step 13..
SBY 14:39:39 [insn_jalr_ch0] engine_0: ##   0:00:00  Skipping step 14..
SBY 14:39:39 [insn_jalr_ch0] engine_0: ##   0:00:00  Skipping step 15..
SBY 14:39:39 [insn_jalr_ch0] engine_0: ##   0:00:00  Skipping step 16..
SBY 14:39:39 [insn_jalr_ch0] engine_0: ##   0:00:00  Skipping step 17..
SBY 14:39:39 [insn_jalr_ch0] engine_0: ##   0:00:00  Skipping step 18..
SBY 14:39:39 [insn_jalr_ch0] engine_0: ##   0:00:00  Skipping step 19..
SBY 14:39:39 [insn_jalr_ch0] engine_0: ##   0:00:00  Checking assumptions in step 20..
SBY 14:39:40 [insn_jalr_ch0] engine_0: ##   0:00:01  Checking assertions in step 20..
SBY 14:39:51 [insn_jalr_ch0] engine_0: ##   0:00:12  BMC failed!
SBY 14:39:51 [insn_jalr_ch0] engine_0: ##   0:00:12  Assert failed in rvfi_testbench: rvfi_insn_check.sv:178.7-178.76 (_witness_.check_flatten_checker_inst__assert_rvfi_insn_check_sv_178_115)
SBY 14:39:51 [insn_jalr_ch0] engine_0: ##   0:00:12  Assert failed in rvfi_testbench: rvfi_insn_check.sv:198.6-198.31 (_witness_.check_flatten_checker_inst__assert_rvfi_insn_check_sv_198_152)
SBY 14:39:51 [insn_jalr_ch0] engine_0: ##   0:00:12  Writing trace to VCD file: engine_0/trace.vcd
SBY 14:39:51 [insn_jalr_ch0] engine_0: ##   0:00:12  Writing trace to Verilog testbench: engine_0/trace_tb.v
SBY 14:39:51 [insn_jalr_ch0] engine_0: ##   0:00:12  Writing trace to constraints file: engine_0/trace.smtc
SBY 14:39:51 [insn_jalr_ch0] engine_0: ##   0:00:12  Writing trace to Yosys witness file: engine_0/trace.yw
SBY 14:39:51 [insn_jalr_ch0] engine_0: ##   0:00:12  Status: failed
SBY 14:39:51 [insn_jalr_ch0] engine_0: finished (returncode=1)
SBY 14:39:51 [insn_jalr_ch0] engine_0: Status returned by engine: FAIL
SBY 14:39:51 [insn_jalr_ch0] summary: Elapsed clock time [H:MM:SS (secs)]: 0:00:13 (13)
SBY 14:39:51 [insn_jalr_ch0] summary: Elapsed process time [H:MM:SS (secs)]: 0:00:13 (13)
SBY 14:39:51 [insn_jalr_ch0] summary: engine_0 (smtbmc bitwuzla) returned FAIL
SBY 14:39:51 [insn_jalr_ch0] summary: counterexample trace: insn_jalr_ch0/engine_0/trace.vcd
SBY 14:39:51 [insn_jalr_ch0] summary:   failed assertion rvfi_testbench._witness_.check_flatten_checker_inst__assert_rvfi_insn_check_sv_178_115 at rvfi_insn_check.sv:178.7-178.76 step 20
SBY 14:39:51 [insn_jalr_ch0] summary:   failed assertion rvfi_testbench._witness_.check_flatten_checker_inst__assert_rvfi_insn_check_sv_198_152 at rvfi_insn_check.sv:198.6-198.31 step 20
SBY 14:39:51 [insn_jalr_ch0] DONE (FAIL, rc=0)

Full run log: /srv/hwebench/clones/random-mutation-v2-rep2/cores/bench/worktrees/hyp-20261005-002-r8s1/formal/last_run-h26eaaa0ce1644aa.log
Per-check logs in: /srv/hwebench/clones/random-mutation-v2-rep2/cores/bench/worktrees/hyp-20261005-002-r8s1/formal/riscv-formal/cores/bench-h26eaaa0ce1644aa/checks/<check>/logfile.txt
[bench-v2.8.4 0b802a2] log: hyp-20261005-001-r8s0 broken
 2 files changed, 1 insertion(+)
[bench-v2.8.4 8fc64c2] log: hyp-20261005-002-r8s1 broken
 2 files changed, 1 insertion(+)
[bench-v2.8.4 43dd27e] log: hyp-20261005-003-r8s2 broken
 1 file changed, 1 insertion(+)

  Round 8 complete: slot 0=broken, slot 1=broken, slot 2=broken (no winner)

============================================================
Round 9  |  slots=3  |  current best=12.12
============================================================
  pre-allocated IDs: ['hyp-20261005-001-r9s0', 'hyp-20261005-002-r9s1', 'hyp-20261005-003-r9s2']
  [slot 0] category=micro_opt id=hyp-20261005-001-r9s0
  [slot 1] category=structural id=hyp-20261005-002-r9s1
  [slot 2] category=predictor id=hyp-20261005-003-r9s2
Preparing worktree (new branch 'bench-hyp-20261005-001-r9s0-hypgen')
Preparing worktree (new branch 'bench-hyp-20261005-002-r9s1-hypgen')
Preparing worktree (new branch 'bench-hyp-20261005-003-r9s2-hypgen')
Deleted branch bench-hyp-20261005-001-r9s0-hypgen (was 43dd27e).
Preparing worktree (new branch 'bench-hyp-20261005-001-r9s0')
HEAD is now at 43dd27e log: hyp-20261005-003-r8s2 broken
HEAD is now at 43dd27e log: hyp-20261005-003-r8s2 broken
HEAD is now at 43dd27e log: hyp-20261005-003-r8s2 broken
HEAD is now at 43dd27e log: hyp-20261005-003-r8s2 broken
  [slot 0] worktree=/srv/hwebench/clones/random-mutation-v2-rep2/cores/bench/worktrees/hyp-20261005-001-r9s0
Deleted branch bench-hyp-20261005-002-r9s1-hypgen (was 43dd27e).
Preparing worktree (new branch 'bench-hyp-20261005-002-r9s1')
HEAD is now at 43dd27e log: hyp-20261005-003-r8s2 broken
  [slot 1] worktree=/srv/hwebench/clones/random-mutation-v2-rep2/cores/bench/worktrees/hyp-20261005-002-r9s1
Deleted branch bench-hyp-20261005-003-r9s2-hypgen (was 43dd27e).
Preparing worktree (new branch 'bench-hyp-20261005-003-r9s2')
HEAD is now at 43dd27e log: hyp-20261005-003-r8s2 broken
  [slot 2] worktree=/srv/hwebench/clones/random-mutation-v2-rep2/cores/bench/worktrees/hyp-20261005-003-r9s2
Deleted branch bench-hyp-20261005-002-r9s1 (was 43dd27e).
  [slot 1] broken: formal_failed: insn_jal_ch0
summary: Elapsed clock time [H:MM:SS (secs)]: 0:01:23 (83)
SBY 14:44:39 [reg_ch0] summary: Elapsed process time [H:MM:SS (secs)]: 0:01:23 (83)
SBY 14:44:39 [reg_ch0] summary: engine_0 (smtbmc bitwuzla) returned pass
SBY 14:44:39 [reg_ch0] summary: engine_0 did not produce any traces
SBY 14:44:39 [reg_ch0] DONE (PASS, rc=0)

Formal: 52 passed, 1 failed
Failed: insn_jal_ch0

--- insn_jal_ch0/logfile.txt (last 30 lines) ---
SBY 14:43:23 [insn_jal_ch0] engine_0: ##   0:00:00  Skipping step 13..
SBY 14:43:23 [insn_jal_ch0] engine_0: ##   0:00:00  Skipping step 14..
SBY 14:43:23 [insn_jal_ch0] engine_0: ##   0:00:00  Skipping step 15..
SBY 14:43:23 [insn_jal_ch0] engine_0: ##   0:00:00  Skipping step 16..
SBY 14:43:23 [insn_jal_ch0] engine_0: ##   0:00:00  Skipping step 17..
SBY 14:43:23 [insn_jal_ch0] engine_0: ##   0:00:00  Skipping step 18..
SBY 14:43:23 [insn_jal_ch0] engine_0: ##   0:00:00  Skipping step 19..
SBY 14:43:23 [insn_jal_ch0] engine_0: ##   0:00:00  Checking assumptions in step 20..
SBY 14:43:24 [insn_jal_ch0] engine_0: ##   0:00:01  Checking assertions in step 20..
SBY 14:43:37 [insn_jal_ch0] engine_0: ##   0:00:13  BMC failed!
SBY 14:43:37 [insn_jal_ch0] engine_0: ##   0:00:13  Assert failed in rvfi_testbench: rvfi_insn_check.sv:176.7-176.38 (_witness_.check_flatten_checker_inst__assert_rvfi_insn_check_sv_176_111)
SBY 14:43:37 [insn_jal_ch0] engine_0: ##   0:00:13  Assert failed in rvfi_testbench: rvfi_insn_check.sv:177.7-177.40 (_witness_.check_flatten_checker_inst__assert_rvfi_insn_check_sv_177_113)
SBY 14:43:37 [insn_jal_ch0] engine_0: ##   0:00:13  Assert failed in rvfi_testbench: rvfi_insn_check.sv:178.7-178.76 (_witness_.check_flatten_checker_inst__assert_rvfi_insn_check_sv_178_115)
SBY 14:43:37 [insn_jal_ch0] engine_0: ##   0:00:13  Assert failed in rvfi_testbench: rvfi_insn_check.sv:198.6-198.31 (_witness_.check_flatten_checker_inst__assert_rvfi_insn_check_sv_198_152)
SBY 14:43:37 [insn_jal_ch0] engine_0: ##   0:00:13  Writing trace to VCD file: engine_0/trace.vcd
SBY 14:43:37 [insn_jal_ch0] engine_0: ##   0:00:13  Writing trace to Verilog testbench: engine_0/trace_tb.v
SBY 14:43:37 [insn_jal_ch0] engine_0: ##   0:00:13  Writing trace to constraints file: engine_0/trace.smtc
SBY 14:43:37 [insn_jal_ch0] engine_0: ##   0:00:13  Writing trace to Yosys witness file: engine_0/trace.yw
SBY 14:43:37 [insn_jal_ch0] engine_0: ##   0:00:14  Status: failed
SBY 14:43:37 [insn_jal_ch0] engine_0: finished (returncode=1)
SBY 14:43:37 [insn_jal_ch0] engine_0: Status returned by engine: FAIL
SBY 14:43:37 [insn_jal_ch0] summary: Elapsed clock time [H:MM:SS (secs)]: 0:00:14 (14)
SBY 14:43:37 [insn_jal_ch0] summary: Elapsed process time [H:MM:SS (secs)]: 0:00:14 (14)
SBY 14:43:37 [insn_jal_ch0] summary: engine_0 (smtbmc bitwuzla) returned FAIL
SBY 14:43:37 [insn_jal_ch0] summary: counterexample trace: insn_jal_ch0/engine_0/trace.vcd
SBY 14:43:37 [insn_jal_ch0] summary:   failed assertion rvfi_testbench._witness_.check_flatten_checker_inst__assert_rvfi_insn_check_sv_176_111 at rvfi_insn_check.sv:176.7-176.38 step 20
SBY 14:43:37 [insn_jal_ch0] summary:   failed assertion rvfi_testbench._witness_.check_flatten_checker_inst__assert_rvfi_insn_check_sv_177_113 at rvfi_insn_check.sv:177.7-177.40 step 20
SBY 14:43:37 [insn_jal_ch0] summary:   failed assertion rvfi_testbench._witness_.check_flatten_checker_inst__assert_rvfi_insn_check_sv_178_115 at rvfi_insn_check.sv:178.7-178.76 step 20
SBY 14:43:37 [insn_jal_ch0] summary:   failed assertion rvfi_testbench._witness_.check_flatten_checker_inst__assert_rvfi_insn_check_sv_198_152 at rvfi_insn_check.sv:198.6-198.31 step 20
SBY 14:43:37 [insn_jal_ch0] DONE (FAIL, rc=0)

Full run log: /srv/hwebench/clones/random-mutation-v2-rep2/cores/bench/worktrees/hyp-20261005-002-r9s1/formal/last_run-h374a6923c5e4470.log
Per-check logs in: /srv/hwebench/clones/random-mutation-v2-rep2/cores/bench/worktrees/hyp-20261005-002-r9s1/formal/riscv-formal/cores/bench-h374a6923c5e4470/checks/<check>/logfile.txt
Deleted branch bench-hyp-20261005-003-r9s2 (was 43dd27e).
  [slot 2] broken: formal_failed: insn_lb_ch0
:01:28  Status: passed
SBY 14:49:19 [reg_ch0] engine_0: finished (returncode=0)
SBY 14:49:19 [reg_ch0] engine_0: Status returned by engine: pass
SBY 14:49:19 [reg_ch0] summary: Elapsed clock time [H:MM:SS (secs)]: 0:01:28 (88)
SBY 14:49:19 [reg_ch0] summary: Elapsed process time [H:MM:SS (secs)]: 0:01:28 (88)
SBY 14:49:19 [reg_ch0] summary: engine_0 (smtbmc bitwuzla) returned pass
SBY 14:49:19 [reg_ch0] summary: engine_0 did not produce any traces
SBY 14:49:19 [reg_ch0] DONE (PASS, rc=0)

Formal: 44 passed, 9 failed
Failed: insn_lb_ch0 insn_lbu_ch0 insn_lh_ch0 insn_lhu_ch0 insn_lw_ch0 insn_remu_ch0 insn_sb_ch0 insn_sh_ch0 insn_sw_ch0

--- insn_lb_ch0/logfile.txt (last 30 lines) ---
SBY 14:47:58 [insn_lb_ch0] engine_0: ##   0:00:00  Skipping step 11..
SBY 14:47:58 [insn_lb_ch0] engine_0: ##   0:00:00  Skipping step 12..
SBY 14:47:58 [insn_lb_ch0] engine_0: ##   0:00:00  Skipping step 13..
SBY 14:47:58 [insn_lb_ch0] engine_0: ##   0:00:00  Skipping step 14..
SBY 14:47:58 [insn_lb_ch0] engine_0: ##   0:00:00  Skipping step 15..
SBY 14:47:58 [insn_lb_ch0] engine_0: ##   0:00:00  Skipping step 16..
SBY 14:47:58 [insn_lb_ch0] engine_0: ##   0:00:00  Skipping step 17..
SBY 14:47:58 [insn_lb_ch0] engine_0: ##   0:00:00  Skipping step 18..
SBY 14:47:58 [insn_lb_ch0] engine_0: ##   0:00:00  Skipping step 19..
SBY 14:47:58 [insn_lb_ch0] engine_0: ##   0:00:00  Checking assumptions in step 20..
SBY 14:47:59 [insn_lb_ch0] engine_0: ##   0:00:01  Checking assertions in step 20..
SBY 14:48:22 [insn_lb_ch0] engine_0: ##   0:00:24  BMC failed!
SBY 14:48:22 [insn_lb_ch0] engine_0: ##   0:00:24  Assert failed in rvfi_testbench: rvfi_insn_check.sv:181.8-181.79 (_witness_.check_flatten_checker_inst__assert_rvfi_insn_check_sv_181_120)
SBY 14:48:22 [insn_lb_ch0] engine_0: ##   0:00:24  Assert failed in rvfi_testbench: rvfi_insn_check.sv:193.9-193.29 (_witness_.check_flatten_checker_inst__assert_rvfi_insn_check_sv_193_151)
SBY 14:48:22 [insn_lb_ch0] engine_0: ##   0:00:24  Assert failed in rvfi_testbench: rvfi_insn_check.sv:198.6-198.31 (_witness_.check_flatten_checker_inst__assert_rvfi_insn_check_sv_198_152)
SBY 14:48:22 [insn_lb_ch0] engine_0: ##   0:00:24  Writing trace to VCD file: engine_0/trace.vcd
SBY 14:48:23 [insn_lb_ch0] engine_0: ##   0:00:25  Writing trace to Verilog testbench: engine_0/trace_tb.v
SBY 14:48:23 [insn_lb_ch0] engine_0: ##   0:00:25  Writing trace to constraints file: engine_0/trace.smtc
SBY 14:48:23 [insn_lb_ch0] engine_0: ##   0:00:25  Writing trace to Yosys witness file: engine_0/trace.yw
SBY 14:48:23 [insn_lb_ch0] engine_0: ##   0:00:25  Status: failed
SBY 14:48:23 [insn_lb_ch0] engine_0: finished (returncode=1)
SBY 14:48:23 [insn_lb_ch0] engine_0: Status returned by engine: FAIL
SBY 14:48:23 [insn_lb_ch0] summary: Elapsed clock time [H:MM:SS (secs)]: 0:00:26 (26)
SBY 14:48:23 [insn_lb_ch0] summary: Elapsed process time [H:MM:SS (secs)]: 0:00:26 (26)
SBY 14:48:23 [insn_lb_ch0] summary: engine_0 (smtbmc bitwuzla) returned FAIL
SBY 14:48:23 [insn_lb_ch0] summary: counterexample trace: insn_lb_ch0/engine_0/trace.vcd
SBY 14:48:23 [insn_lb_ch0] summary:   failed assertion rvfi_testbench._witness_.check_flatten_checker_inst__assert_rvfi_insn_check_sv_181_120 at rvfi_insn_check.sv:181.8-181.79 step 20
SBY 14:48:23 [insn_lb_ch0] summary:   failed assertion rvfi_testbench._witness_.check_flatten_checker_inst__assert_rvfi_insn_check_sv_193_151 at rvfi_insn_check.sv:193.9-193.29 step 20
SBY 14:48:23 [insn_lb_ch0] summary:   failed assertion rvfi_testbench._witness_.check_flatten_checker_inst__assert_rvfi_insn_check_sv_198_152 at rvfi_insn_check.sv:198.6-198.31 step 20
SBY 14:48:23 [insn_lb_ch0] DONE (FAIL, rc=0)

Full run log: /srv/hwebench/clones/random-mutation-v2-rep2/cores/bench/worktrees/hyp-20261005-003-r9s2/formal/last_run-he4e603ee02dd410.log
Per-check logs in: /srv/hwebench/clones/random-mutation-v2-rep2/cores/bench/worktrees/hyp-20261005-003-r9s2/formal/riscv-formal/cores/bench-he4e603ee02dd410/checks/<check>/logfile.txt
Deleted branch bench-hyp-20261005-001-r9s0 (was 43dd27e).
  [slot 0] broken: formal_failed: insn_add_ch0
s time [H:MM:SS (secs)]: 0:00:21 (21)
SBY 14:53:40 [insn_sub_ch0] summary: engine_0 (smtbmc bitwuzla) returned FAIL
SBY 14:53:40 [insn_sub_ch0] summary: counterexample trace: insn_sub_ch0/engine_0/trace.vcd
SBY 14:53:40 [insn_sub_ch0] summary:   failed assertion rvfi_testbench._witness_.check_flatten_checker_inst__assert_rvfi_insn_check_sv_177_113 at rvfi_insn_check.sv:177.7-177.40 step 20
SBY 14:53:40 [insn_sub_ch0] DONE (FAIL, rc=0)

Formal: 7 passed, 46 failed
Failed: insn_add_ch0 insn_addi_ch0 insn_and_ch0 insn_andi_ch0 insn_auipc_ch0 insn_beq_ch0 insn_bge_ch0 insn_bgeu_ch0 insn_blt_ch0 insn_bltu_ch0 insn_bne_ch0 insn_div_ch0 insn_divu_ch0 insn_jal_ch0 insn_jalr_ch0 insn_lb_ch0 insn_lbu_ch0 insn_lh_ch0 insn_lhu_ch0 insn_lui_ch0 insn_lw_ch0 insn_mul_ch0 insn_mulh_ch0 insn_mulhsu_ch0 insn_mulhu_ch0 insn_or_ch0 insn_ori_ch0 insn_rem_ch0 insn_remu_ch0 insn_sb_ch0 insn_sh_ch0 insn_sll_ch0 insn_slli_ch0 insn_slt_ch0 insn_slti_ch0 insn_sltiu_ch0 insn_sltu_ch0 insn_sra_ch0 insn_srai_ch0 insn_srl_ch0 insn_srli_ch0 insn_sub_ch0 insn_sw_ch0 insn_xor_ch0 insn_xori_ch0 reg_ch0

--- insn_add_ch0/logfile.txt (last 30 lines) ---
SBY 14:51:43 [insn_add_ch0] engine_0: ##   0:00:00  Skipping step 7..
SBY 14:51:43 [insn_add_ch0] engine_0: ##   0:00:00  Skipping step 8..
SBY 14:51:43 [insn_add_ch0] engine_0: ##   0:00:00  Skipping step 9..
SBY 14:51:43 [insn_add_ch0] engine_0: ##   0:00:00  Skipping step 10..
SBY 14:51:43 [insn_add_ch0] engine_0: ##   0:00:00  Skipping step 11..
SBY 14:51:43 [insn_add_ch0] engine_0: ##   0:00:00  Skipping step 12..
SBY 14:51:43 [insn_add_ch0] engine_0: ##   0:00:00  Skipping step 13..
SBY 14:51:43 [insn_add_ch0] engine_0: ##   0:00:00  Skipping step 14..
SBY 14:51:43 [insn_add_ch0] engine_0: ##   0:00:00  Skipping step 15..
SBY 14:51:43 [insn_add_ch0] engine_0: ##   0:00:00  Skipping step 16..
SBY 14:51:43 [insn_add_ch0] engine_0: ##   0:00:00  Skipping step 17..
SBY 14:51:44 [insn_add_ch0] engine_0: ##   0:00:00  Skipping step 18..
SBY 14:51:44 [insn_add_ch0] engine_0: ##   0:00:00  Skipping step 19..
SBY 14:51:44 [insn_add_ch0] engine_0: ##   0:00:00  Checking assumptions in step 20..
SBY 14:51:44 [insn_add_ch0] engine_0: ##   0:00:01  Checking assertions in step 20..
SBY 14:51:52 [insn_add_ch0] engine_0: ##   0:00:08  BMC failed!
SBY 14:51:52 [insn_add_ch0] engine_0: ##   0:00:08  Assert failed in rvfi_testbench: rvfi_insn_check.sv:177.7-177.40 (_witness_.check_flatten_checker_inst__assert_rvfi_insn_check_sv_177_113)
SBY 14:51:52 [insn_add_ch0] engine_0: ##   0:00:08  Writing trace to VCD file: engine_0/trace.vcd
SBY 14:51:52 [insn_add_ch0] engine_0: ##   0:00:08  Writing trace to Verilog testbench: engine_0/trace_tb.v
SBY 14:51:52 [insn_add_ch0] engine_0: ##   0:00:08  Writing trace to constraints file: engine_0/trace.smtc
SBY 14:51:52 [insn_add_ch0] engine_0: ##   0:00:08  Writing trace to Yosys witness file: engine_0/trace.yw
SBY 14:51:52 [insn_add_ch0] engine_0: ##   0:00:09  Status: failed
SBY 14:51:52 [insn_add_ch0] engine_0: finished (returncode=1)
SBY 14:51:52 [insn_add_ch0] engine_0: Status returned by engine: FAIL
SBY 14:51:52 [insn_add_ch0] summary: Elapsed clock time [H:MM:SS (secs)]: 0:00:09 (9)
SBY 14:51:52 [insn_add_ch0] summary: Elapsed process time [H:MM:SS (secs)]: 0:00:09 (9)
SBY 14:51:52 [insn_add_ch0] summary: engine_0 (smtbmc bitwuzla) returned FAIL
SBY 14:51:52 [insn_add_ch0] summary: counterexample trace: insn_add_ch0/engine_0/trace.vcd
SBY 14:51:52 [insn_add_ch0] summary:   failed assertion rvfi_testbench._witness_.check_flatten_checker_inst__assert_rvfi_insn_check_sv_177_113 at rvfi_insn_check.sv:177.7-177.40 step 20
SBY 14:51:52 [insn_add_ch0] DONE (FAIL, rc=0)

Full run log: /srv/hwebench/clones/random-mutation-v2-rep2/cores/bench/worktrees/hyp-20261005-001-r9s0/formal/last_run-h099686ccbf334a8.log
Per-check logs in: /srv/hwebench/clones/random-mutation-v2-rep2/cores/bench/worktrees/hyp-20261005-001-r9s0/formal/riscv-formal/cores/bench-h099686ccbf334a8/checks/<check>/logfile.txt
[bench-v2.8.4 7dee2f5] log: hyp-20261005-001-r9s0 broken
 2 files changed, 1 insertion(+)
[bench-v2.8.4 9dbd271] log: hyp-20261005-002-r9s1 broken
 2 files changed, 1 insertion(+)
[bench-v2.8.4 a94d151] log: hyp-20261005-003-r9s2 broken
 1 file changed, 1 insertion(+)

  Round 9 complete: slot 0=broken, slot 1=broken, slot 2=broken (no winner)

============================================================
Round 10  |  slots=3  |  current best=12.12
============================================================
  pre-allocated IDs: ['hyp-20261005-001-r10s0', 'hyp-20261005-002-r10s1', 'hyp-20261005-003-r10s2']
  [slot 0] category=micro_opt id=hyp-20261005-001-r10s0
  [slot 1] category=structural id=hyp-20261005-002-r10s1
  [slot 2] category=predictor id=hyp-20261005-003-r10s2
Preparing worktree (new branch 'bench-hyp-20261005-002-r10s1-hypgen')
Preparing worktree (new branch 'bench-hyp-20261005-001-r10s0-hypgen')
Preparing worktree (new branch 'bench-hyp-20261005-003-r10s2-hypgen')
Deleted branch bench-hyp-20261005-002-r10s1-hypgen (was a94d151).
Preparing worktree (new branch 'bench-hyp-20261005-002-r10s1')
HEAD is now at a94d151 log: hyp-20261005-003-r9s2 broken
HEAD is now at a94d151 log: hyp-20261005-003-r9s2 broken
HEAD is now at a94d151 log: hyp-20261005-003-r9s2 broken
HEAD is now at a94d151 log: hyp-20261005-003-r9s2 broken
  [slot 1] worktree=/srv/hwebench/clones/random-mutation-v2-rep2/cores/bench/worktrees/hyp-20261005-002-r10s1
Deleted branch bench-hyp-20261005-001-r10s0-hypgen (was a94d151).
Preparing worktree (new branch 'bench-hyp-20261005-001-r10s0')
HEAD is now at a94d151 log: hyp-20261005-003-r9s2 broken
  [slot 0] worktree=/srv/hwebench/clones/random-mutation-v2-rep2/cores/bench/worktrees/hyp-20261005-001-r10s0
Deleted branch bench-hyp-20261005-003-r10s2-hypgen (was a94d151).
Preparing worktree (new branch 'bench-hyp-20261005-003-r10s2')
HEAD is now at a94d151 log: hyp-20261005-003-r9s2 broken
  [slot 2] worktree=/srv/hwebench/clones/random-mutation-v2-rep2/cores/bench/worktrees/hyp-20261005-003-r10s2
Deleted branch bench-hyp-20261005-002-r10s1 (was a94d151).
  [slot 1] broken: formal_failed: causal_ch0
vfi_insn_check.sv:167.7-167.29 step 20
SBY 14:59:09 [insn_sw_ch0] summary:   failed assertion rvfi_testbench._witness_.check_flatten_checker_inst__assert_rvfi_insn_check_sv_187_125 at rvfi_insn_check.sv:187.9-187.64 step 20
SBY 14:59:09 [insn_sw_ch0] summary:   failed assertion rvfi_testbench._witness_.check_flatten_checker_inst__assert_rvfi_insn_check_sv_187_132 at rvfi_insn_check.sv:187.9-187.64 step 20
SBY 14:59:09 [insn_sw_ch0] summary:   failed assertion rvfi_testbench._witness_.check_flatten_checker_inst__assert_rvfi_insn_check_sv_187_139 at rvfi_insn_check.sv:187.9-187.64 step 20
SBY 14:59:09 [insn_sw_ch0] summary:   failed assertion rvfi_testbench._witness_.check_flatten_checker_inst__assert_rvfi_insn_check_sv_187_146 at rvfi_insn_check.sv:187.9-187.64 step 20
SBY 14:59:09 [insn_sw_ch0] DONE (FAIL, rc=0)
make: Target 'all' not remade because of errors.

Formal: 6 passed, 47 failed
Failed: causal_ch0 insn_add_ch0 insn_addi_ch0 insn_and_ch0 insn_andi_ch0 insn_auipc_ch0 insn_beq_ch0 insn_bge_ch0 insn_bgeu_ch0 insn_blt_ch0 insn_bltu_ch0 insn_bne_ch0 insn_div_ch0 insn_divu_ch0 insn_jal_ch0 insn_jalr_ch0 insn_lb_ch0 insn_lbu_ch0 insn_lh_ch0 insn_lhu_ch0 insn_lui_ch0 insn_lw_ch0 insn_mul_ch0 insn_mulh_ch0 insn_mulhsu_ch0 insn_mulhu_ch0 insn_or_ch0 insn_ori_ch0 insn_rem_ch0 insn_remu_ch0 insn_sb_ch0 insn_sh_ch0 insn_sll_ch0 insn_slli_ch0 insn_slt_ch0 insn_slti_ch0 insn_sltiu_ch0 insn_sltu_ch0 insn_sra_ch0 insn_srai_ch0 insn_srl_ch0 insn_srli_ch0 insn_sub_ch0 insn_sw_ch0 insn_xor_ch0 insn_xori_ch0 reg_ch0

--- causal_ch0/logfile.txt (last 30 lines) ---
SBY 14:57:13 [causal_ch0] engine_0: ##   0:00:00  Skipping step 0..
SBY 14:57:13 [causal_ch0] engine_0: ##   0:00:00  Skipping step 1..
SBY 14:57:13 [causal_ch0] engine_0: ##   0:00:00  Skipping step 2..
SBY 14:57:13 [causal_ch0] engine_0: ##   0:00:00  Skipping step 3..
SBY 14:57:13 [causal_ch0] engine_0: ##   0:00:00  Skipping step 4..
SBY 14:57:13 [causal_ch0] engine_0: ##   0:00:00  Skipping step 5..
SBY 14:57:13 [causal_ch0] engine_0: ##   0:00:00  Skipping step 6..
SBY 14:57:13 [causal_ch0] engine_0: ##   0:00:00  Skipping step 7..
SBY 14:57:13 [causal_ch0] engine_0: ##   0:00:00  Skipping step 8..
SBY 14:57:13 [causal_ch0] engine_0: ##   0:00:00  Skipping step 9..
SBY 14:57:13 [causal_ch0] engine_0: ##   0:00:00  Skipping step 10..
SBY 14:57:13 [causal_ch0] engine_0: ##   0:00:00  Skipping step 11..
SBY 14:57:13 [causal_ch0] engine_0: ##   0:00:00  Skipping step 12..
SBY 14:57:13 [causal_ch0] engine_0: ##   0:00:00  Skipping step 13..
SBY 14:57:13 [causal_ch0] engine_0: ##   0:00:00  Skipping step 14..
SBY 14:57:13 [causal_ch0] engine_0: ##   0:00:00  Skipping step 15..
SBY 14:57:13 [causal_ch0] engine_0: ##   0:00:00  Skipping step 16..
SBY 14:57:13 [causal_ch0] engine_0: ##   0:00:00  Skipping step 17..
SBY 14:57:13 [causal_ch0] engine_0: ##   0:00:00  Skipping step 18..
SBY 14:57:13 [causal_ch0] engine_0: ##   0:00:00  Skipping step 19..
SBY 14:57:13 [causal_ch0] engine_0: ##   0:00:00  Checking assumptions in step 20..
SBY 14:57:14 [causal_ch0] engine_0: ##   0:00:00  Assumptions are unsatisfiable!
SBY 14:57:14 [causal_ch0] engine_0: ##   0:00:00  Status: PREUNSAT
SBY 14:57:14 [causal_ch0] engine_0: finished (returncode=1)
SBY 14:57:14 [causal_ch0] engine_0: Status returned by engine: ERROR
SBY 14:57:14 [causal_ch0] summary: Elapsed clock time [H:MM:SS (secs)]: 0:00:01 (1)
SBY 14:57:14 [causal_ch0] summary: Elapsed process time [H:MM:SS (secs)]: 0:00:01 (1)
SBY 14:57:14 [causal_ch0] summary: engine_0 (smtbmc bitwuzla) returned ERROR
SBY 14:57:14 [causal_ch0] summary: engine_0 did not produce any traces
SBY 14:57:14 [causal_ch0] DONE (ERROR, rc=16)

Full run log: /srv/hwebench/clones/random-mutation-v2-rep2/cores/bench/worktrees/hyp-20261005-002-r10s1/formal/last_run-h658bbc96ea80406.log
Per-check logs in: /srv/hwebench/clones/random-mutation-v2-rep2/cores/bench/worktrees/hyp-20261005-002-r10s1/formal/riscv-formal/cores/bench-h658bbc96ea80406/checks/<check>/logfile.txt
Deleted branch bench-hyp-20261005-003-r10s2 (was a94d151).
  [slot 2] broken: formal_failed: insn_jal_ch0
e_tb.v
SBY 15:03:39 [insn_srli_ch0] engine_0: ##   0:00:24  Writing trace to constraints file: engine_0/trace.smtc
SBY 15:03:39 [insn_srli_ch0] engine_0: ##   0:00:24  Writing trace to Yosys witness file: engine_0/trace.yw
SBY 15:03:40 [insn_srli_ch0] engine_0: ##   0:00:24  Status: failed
SBY 15:03:40 [insn_srli_ch0] engine_0: finished (returncode=1)
SBY 15:03:40 [insn_srli_ch0] engine_0: Status returned by engine: FAIL
SBY 15:03:40 [insn_srli_ch0] summary: Elapsed clock time [H:MM:SS (secs)]: 0:00:25 (25)
SBY 15:03:40 [insn_srli_ch0] summary: Elapsed process time [H:MM:SS (secs)]: 0:00:25 (25)
SBY 15:03:40 [insn_srli_ch0] summary: engine_0 (smtbmc bitwuzla) returned FAIL
SBY 15:03:40 [insn_srli_ch0] summary: counterexample trace: insn_srli_ch0/engine_0/trace.vcd
SBY 15:03:40 [insn_srli_ch0] summary:   failed assertion rvfi_testbench._witness_.check_flatten_checker_inst__assert_rvfi_insn_check_sv_198_152 at rvfi_insn_check.sv:198.6-198.31 step 20
SBY 15:03:40 [insn_srli_ch0] DONE (FAIL, rc=0)

Formal: 50 passed, 3 failed
Failed: insn_jal_ch0 insn_srli_ch0 reg_ch0

--- insn_jal_ch0/logfile.txt (last 30 lines) ---
SBY 15:03:02 [insn_jal_ch0] engine_0: ##   0:00:00  Skipping step 7..
SBY 15:03:02 [insn_jal_ch0] engine_0: ##   0:00:00  Skipping step 8..
SBY 15:03:02 [insn_jal_ch0] engine_0: ##   0:00:00  Skipping step 9..
SBY 15:03:02 [insn_jal_ch0] engine_0: ##   0:00:00  Skipping step 10..
SBY 15:03:02 [insn_jal_ch0] engine_0: ##   0:00:00  Skipping step 11..
SBY 15:03:02 [insn_jal_ch0] engine_0: ##   0:00:00  Skipping step 12..
SBY 15:03:02 [insn_jal_ch0] engine_0: ##   0:00:00  Skipping step 13..
SBY 15:03:02 [insn_jal_ch0] engine_0: ##   0:00:00  Skipping step 14..
SBY 15:03:02 [insn_jal_ch0] engine_0: ##   0:00:00  Skipping step 15..
SBY 15:03:02 [insn_jal_ch0] engine_0: ##   0:00:00  Skipping step 16..
SBY 15:03:02 [insn_jal_ch0] engine_0: ##   0:00:00  Skipping step 17..
SBY 15:03:02 [insn_jal_ch0] engine_0: ##   0:00:00  Skipping step 18..
SBY 15:03:02 [insn_jal_ch0] engine_0: ##   0:00:00  Skipping step 19..
SBY 15:03:02 [insn_jal_ch0] engine_0: ##   0:00:00  Checking assumptions in step 20..
SBY 15:03:03 [insn_jal_ch0] engine_0: ##   0:00:01  Checking assertions in step 20..
SBY 15:03:30 [insn_jal_ch0] engine_0: ##   0:00:28  BMC failed!
SBY 15:03:30 [insn_jal_ch0] engine_0: ##   0:00:28  Assert failed in rvfi_testbench: rvfi_insn_check.sv:178.7-178.76 (_witness_.check_flatten_checker_inst__assert_rvfi_insn_check_sv_178_115)
SBY 15:03:30 [insn_jal_ch0] engine_0: ##   0:00:28  Writing trace to VCD file: engine_0/trace.vcd
SBY 15:03:30 [insn_jal_ch0] engine_0: ##   0:00:28  Writing trace to Verilog testbench: engine_0/trace_tb.v
SBY 15:03:30 [insn_jal_ch0] engine_0: ##   0:00:28  Writing trace to constraints file: engine_0/trace.smtc
SBY 15:03:30 [insn_jal_ch0] engine_0: ##   0:00:28  Writing trace to Yosys witness file: engine_0/trace.yw
SBY 15:03:30 [insn_jal_ch0] engine_0: ##   0:00:28  Status: failed
SBY 15:03:30 [insn_jal_ch0] engine_0: finished (returncode=1)
SBY 15:03:30 [insn_jal_ch0] engine_0: Status returned by engine: FAIL
SBY 15:03:30 [insn_jal_ch0] summary: Elapsed clock time [H:MM:SS (secs)]: 0:00:29 (29)
SBY 15:03:30 [insn_jal_ch0] summary: Elapsed process time [H:MM:SS (secs)]: 0:00:29 (29)
SBY 15:03:30 [insn_jal_ch0] summary: engine_0 (smtbmc bitwuzla) returned FAIL
SBY 15:03:30 [insn_jal_ch0] summary: counterexample trace: insn_jal_ch0/engine_0/trace.vcd
SBY 15:03:30 [insn_jal_ch0] summary:   failed assertion rvfi_testbench._witness_.check_flatten_checker_inst__assert_rvfi_insn_check_sv_178_115 at rvfi_insn_check.sv:178.7-178.76 step 20
SBY 15:03:30 [insn_jal_ch0] DONE (FAIL, rc=0)

Full run log: /srv/hwebench/clones/random-mutation-v2-rep2/cores/bench/worktrees/hyp-20261005-003-r10s2/formal/last_run-h2ba682e977544a8.log
Per-check logs in: /srv/hwebench/clones/random-mutation-v2-rep2/cores/bench/worktrees/hyp-20261005-003-r10s2/formal/riscv-formal/cores/bench-h2ba682e977544a8/checks/<check>/logfile.txt
Deleted branch bench-hyp-20261005-001-r10s0 (was a94d151).
  [slot 0] broken: formal_failed: insn_lb_ch0
:35 (35)
SBY 15:07:21 [insn_lw_ch0] summary: engine_0 (smtbmc bitwuzla) returned FAIL
SBY 15:07:21 [insn_lw_ch0] summary: counterexample trace: insn_lw_ch0/engine_0/trace.vcd
SBY 15:07:21 [insn_lw_ch0] summary:   failed assertion rvfi_testbench._witness_.check_flatten_checker_inst__assert_rvfi_insn_check_sv_177_113 at rvfi_insn_check.sv:177.7-177.40 step 20
SBY 15:07:21 [insn_lw_ch0] DONE (FAIL, rc=0)
SBY 15:07:37 [reg_ch0] engine_0: ##   0:01:00  waiting for solver (1 minute)
SBY 15:08:52 [reg_ch0] engine_0: ##   0:02:15  Status: passed
SBY 15:08:52 [reg_ch0] engine_0: finished (returncode=0)
SBY 15:08:52 [reg_ch0] engine_0: Status returned by engine: pass
SBY 15:08:52 [reg_ch0] summary: Elapsed clock time [H:MM:SS (secs)]: 0:02:15 (135)
SBY 15:08:52 [reg_ch0] summary: Elapsed process time [H:MM:SS (secs)]: 0:02:16 (136)
SBY 15:08:52 [reg_ch0] summary: engine_0 (smtbmc bitwuzla) returned pass
SBY 15:08:52 [reg_ch0] summary: engine_0 did not produce any traces
SBY 15:08:52 [reg_ch0] DONE (PASS, rc=0)

Formal: 48 passed, 5 failed
Failed: insn_lb_ch0 insn_lbu_ch0 insn_lh_ch0 insn_lhu_ch0 insn_lw_ch0

--- insn_lb_ch0/logfile.txt (last 30 lines) ---
SBY 15:06:44 [insn_lb_ch0] engine_0: ##   0:00:00  Skipping step 7..
SBY 15:06:44 [insn_lb_ch0] engine_0: ##   0:00:00  Skipping step 8..
SBY 15:06:44 [insn_lb_ch0] engine_0: ##   0:00:00  Skipping step 9..
SBY 15:06:44 [insn_lb_ch0] engine_0: ##   0:00:00  Skipping step 10..
SBY 15:06:44 [insn_lb_ch0] engine_0: ##   0:00:00  Skipping step 11..
SBY 15:06:44 [insn_lb_ch0] engine_0: ##   0:00:00  Skipping step 12..
SBY 15:06:44 [insn_lb_ch0] engine_0: ##   0:00:00  Skipping step 13..
SBY 15:06:44 [insn_lb_ch0] engine_0: ##   0:00:00  Skipping step 14..
SBY 15:06:44 [insn_lb_ch0] engine_0: ##   0:00:00  Skipping step 15..
SBY 15:06:44 [insn_lb_ch0] engine_0: ##   0:00:00  Skipping step 16..
SBY 15:06:44 [insn_lb_ch0] engine_0: ##   0:00:00  Skipping step 17..
SBY 15:06:44 [insn_lb_ch0] engine_0: ##   0:00:00  Skipping step 18..
SBY 15:06:44 [insn_lb_ch0] engine_0: ##   0:00:00  Skipping step 19..
SBY 15:06:44 [insn_lb_ch0] engine_0: ##   0:00:00  Checking assumptions in step 20..
SBY 15:06:45 [insn_lb_ch0] engine_0: ##   0:00:00  Checking assertions in step 20..
SBY 15:06:48 [insn_lb_ch0] engine_0: ##   0:00:04  BMC failed!
SBY 15:06:48 [insn_lb_ch0] engine_0: ##   0:00:04  Assert failed in rvfi_testbench: rvfi_insn_check.sv:177.7-177.40 (_witness_.check_flatten_checker_inst__assert_rvfi_insn_check_sv_177_113)
SBY 15:06:48 [insn_lb_ch0] engine_0: ##   0:00:04  Writing trace to VCD file: engine_0/trace.vcd
SBY 15:06:48 [insn_lb_ch0] engine_0: ##   0:00:04  Writing trace to Verilog testbench: engine_0/trace_tb.v
SBY 15:06:48 [insn_lb_ch0] engine_0: ##   0:00:04  Writing trace to constraints file: engine_0/trace.smtc
SBY 15:06:48 [insn_lb_ch0] engine_0: ##   0:00:04  Writing trace to Yosys witness file: engine_0/trace.yw
SBY 15:06:49 [insn_lb_ch0] engine_0: ##   0:00:04  Status: failed
SBY 15:06:49 [insn_lb_ch0] engine_0: finished (returncode=1)
SBY 15:06:49 [insn_lb_ch0] engine_0: Status returned by engine: FAIL
SBY 15:06:49 [insn_lb_ch0] summary: Elapsed clock time [H:MM:SS (secs)]: 0:00:05 (5)
SBY 15:06:49 [insn_lb_ch0] summary: Elapsed process time [H:MM:SS (secs)]: 0:00:05 (5)
SBY 15:06:49 [insn_lb_ch0] summary: engine_0 (smtbmc bitwuzla) returned FAIL
SBY 15:06:49 [insn_lb_ch0] summary: counterexample trace: insn_lb_ch0/engine_0/trace.vcd
SBY 15:06:49 [insn_lb_ch0] summary:   failed assertion rvfi_testbench._witness_.check_flatten_checker_inst__assert_rvfi_insn_check_sv_177_113 at rvfi_insn_check.sv:177.7-177.40 step 20
SBY 15:06:49 [insn_lb_ch0] DONE (FAIL, rc=0)

Full run log: /srv/hwebench/clones/random-mutation-v2-rep2/cores/bench/worktrees/hyp-20261005-001-r10s0/formal/last_run-hdd9980c93532406.log
Per-check logs in: /srv/hwebench/clones/random-mutation-v2-rep2/cores/bench/worktrees/hyp-20261005-001-r10s0/formal/riscv-formal/cores/bench-hdd9980c93532406/checks/<check>/logfile.txt
[bench-v2.8.4 d32d0b0] log: hyp-20261005-001-r10s0 broken
 2 files changed, 1 insertion(+)
[bench-v2.8.4 fdc3c00] log: hyp-20261005-002-r10s1 broken
 2 files changed, 1 insertion(+)
[bench-v2.8.4 40a671d] log: hyp-20261005-003-r10s2 broken
 1 file changed, 1 insertion(+)

  Round 10 complete: slot 0=broken, slot 1=broken, slot 2=broken (no winner)

============================================================
Round 11  |  slots=3  |  current best=12.12
============================================================
  pre-allocated IDs: ['hyp-20261005-001-r11s0', 'hyp-20261005-002-r11s1', 'hyp-20261005-003-r11s2']
  [slot 0] category=micro_opt id=hyp-20261005-001-r11s0
  [slot 1] category=structural id=hyp-20261005-002-r11s1
  [slot 2] category=predictor id=hyp-20261005-003-r11s2
Preparing worktree (new branch 'bench-hyp-20261005-002-r11s1-hypgen')
Preparing worktree (new branch 'bench-hyp-20261005-003-r11s2-hypgen')
Preparing worktree (new branch 'bench-hyp-20261005-001-r11s0-hypgen')
Deleted branch bench-hyp-20261005-002-r11s1-hypgen (was 40a671d).
Preparing worktree (new branch 'bench-hyp-20261005-002-r11s1')
HEAD is now at 40a671d log: hyp-20261005-003-r10s2 broken
HEAD is now at 40a671d log: hyp-20261005-003-r10s2 broken
HEAD is now at 40a671d log: hyp-20261005-003-r10s2 broken
HEAD is now at 40a671d log: hyp-20261005-003-r10s2 broken
  [slot 1] worktree=/srv/hwebench/clones/random-mutation-v2-rep2/cores/bench/worktrees/hyp-20261005-002-r11s1
Deleted branch bench-hyp-20261005-003-r11s2-hypgen (was 40a671d).
Preparing worktree (new branch 'bench-hyp-20261005-003-r11s2')
HEAD is now at 40a671d log: hyp-20261005-003-r10s2 broken
  [slot 2] worktree=/srv/hwebench/clones/random-mutation-v2-rep2/cores/bench/worktrees/hyp-20261005-003-r11s2
Deleted branch bench-hyp-20261005-001-r11s0-hypgen (was 40a671d).
Preparing worktree (new branch 'bench-hyp-20261005-001-r11s0')
HEAD is now at 40a671d log: hyp-20261005-003-r10s2 broken
  [slot 0] worktree=/srv/hwebench/clones/random-mutation-v2-rep2/cores/bench/worktrees/hyp-20261005-001-r11s0
Deleted branch bench-hyp-20261005-001-r11s0 (was 40a671d).
  [slot 0] broken: formal_failed: pc_fwd_ch0
_ch0] engine_0: Status returned by engine: pass
SBY 15:11:53 [insn_xori_ch0] summary: Elapsed clock time [H:MM:SS (secs)]: 0:00:01 (1)
SBY 15:11:53 [insn_xori_ch0] summary: Elapsed process time [H:MM:SS (secs)]: 0:00:01 (1)
SBY 15:11:53 [insn_xori_ch0] summary: engine_0 (smtbmc bitwuzla) returned pass
SBY 15:11:53 [insn_xori_ch0] summary: engine_0 did not produce any traces
SBY 15:11:53 [insn_xori_ch0] DONE (PASS, rc=0)
SBY 15:12:34 [reg_ch0] engine_0: ##   0:01:01  waiting for solver (1 minute)
SBY 15:12:54 [reg_ch0] engine_0: ##   0:01:20  Status: passed
SBY 15:12:54 [reg_ch0] engine_0: finished (returncode=0)
SBY 15:12:54 [reg_ch0] engine_0: Status returned by engine: pass
SBY 15:12:54 [reg_ch0] summary: Elapsed clock time [H:MM:SS (secs)]: 0:01:21 (81)
SBY 15:12:54 [reg_ch0] summary: Elapsed process time [H:MM:SS (secs)]: 0:01:21 (81)
SBY 15:12:54 [reg_ch0] summary: engine_0 (smtbmc bitwuzla) returned pass
SBY 15:12:54 [reg_ch0] summary: engine_0 did not produce any traces
SBY 15:12:54 [reg_ch0] DONE (PASS, rc=0)

Formal: 52 passed, 1 failed
Failed: pc_fwd_ch0

--- pc_fwd_ch0/logfile.txt (last 30 lines) ---
SBY 15:11:32 [pc_fwd_ch0] engine_0: ##   0:00:00  Skipping step 8..
SBY 15:11:32 [pc_fwd_ch0] engine_0: ##   0:00:00  Skipping step 9..
SBY 15:11:32 [pc_fwd_ch0] engine_0: ##   0:00:00  Skipping step 10..
SBY 15:11:32 [pc_fwd_ch0] engine_0: ##   0:00:00  Skipping step 11..
SBY 15:11:32 [pc_fwd_ch0] engine_0: ##   0:00:00  Skipping step 12..
SBY 15:11:32 [pc_fwd_ch0] engine_0: ##   0:00:00  Skipping step 13..
SBY 15:11:32 [pc_fwd_ch0] engine_0: ##   0:00:00  Skipping step 14..
SBY 15:11:32 [pc_fwd_ch0] engine_0: ##   0:00:00  Skipping step 15..
SBY 15:11:32 [pc_fwd_ch0] engine_0: ##   0:00:00  Skipping step 16..
SBY 15:11:32 [pc_fwd_ch0] engine_0: ##   0:00:00  Skipping step 17..
SBY 15:11:32 [pc_fwd_ch0] engine_0: ##   0:00:00  Skipping step 18..
SBY 15:11:32 [pc_fwd_ch0] engine_0: ##   0:00:00  Skipping step 19..
SBY 15:11:32 [pc_fwd_ch0] engine_0: ##   0:00:00  Checking assumptions in step 20..
SBY 15:11:33 [pc_fwd_ch0] engine_0: ##   0:00:00  Checking assertions in step 20..
SBY 15:11:33 [pc_fwd_ch0] engine_0: ##   0:00:01  BMC failed!
SBY 15:11:33 [pc_fwd_ch0] engine_0: ##   0:00:01  Value for anyconst rvfi_testbench.insn_order (rvfi_pc_fwd_check.sv:19.24-19.34): 14
SBY 15:11:33 [pc_fwd_ch0] engine_0: ##   0:00:01  Assert failed in rvfi_testbench: rvfi_pc_fwd_check.sv:41.6-41.69 (_witness_.check_flatten_checker_inst__assert_rvfi_pc_fwd_check_sv_41_55)
SBY 15:11:33 [pc_fwd_ch0] engine_0: ##   0:00:01  Writing trace to VCD file: engine_0/trace.vcd
SBY 15:11:34 [pc_fwd_ch0] engine_0: ##   0:00:01  Writing trace to Verilog testbench: engine_0/trace_tb.v
SBY 15:11:34 [pc_fwd_ch0] engine_0: ##   0:00:01  Writing trace to constraints file: engine_0/trace.smtc
SBY 15:11:34 [pc_fwd_ch0] engine_0: ##   0:00:01  Writing trace to Yosys witness file: engine_0/trace.yw
SBY 15:11:34 [pc_fwd_ch0] engine_0: ##   0:00:02  Status: failed
SBY 15:11:34 [pc_fwd_ch0] engine_0: finished (returncode=1)
SBY 15:11:34 [pc_fwd_ch0] engine_0: Status returned by engine: FAIL
SBY 15:11:34 [pc_fwd_ch0] summary: Elapsed clock time [H:MM:SS (secs)]: 0:00:02 (2)
SBY 15:11:34 [pc_fwd_ch0] summary: Elapsed process time [H:MM:SS (secs)]: 0:00:02 (2)
SBY 15:11:34 [pc_fwd_ch0] summary: engine_0 (smtbmc bitwuzla) returned FAIL
SBY 15:11:34 [pc_fwd_ch0] summary: counterexample trace: pc_fwd_ch0/engine_0/trace.vcd
SBY 15:11:34 [pc_fwd_ch0] summary:   failed assertion rvfi_testbench._witness_.check_flatten_checker_inst__assert_rvfi_pc_fwd_check_sv_41_55 at rvfi_pc_fwd_check.sv:41.6-41.69 step 20
SBY 15:11:34 [pc_fwd_ch0] DONE (FAIL, rc=0)

Full run log: /srv/hwebench/clones/random-mutation-v2-rep2/cores/bench/worktrees/hyp-20261005-001-r11s0/formal/last_run-hf89bd7c63a604ef.log
Per-check logs in: /srv/hwebench/clones/random-mutation-v2-rep2/cores/bench/worktrees/hyp-20261005-001-r11s0/formal/riscv-formal/cores/bench-hf89bd7c63a604ef/checks/<check>/logfile.txt
Deleted branch bench-hyp-20261005-002-r11s1 (was 40a671d).
  [slot 1] broken: formal_failed: insn_add_ch0
 [H:MM:SS (secs)]: 0:00:22 (22)
SBY 15:18:25 [insn_xori_ch0] summary: engine_0 (smtbmc bitwuzla) returned FAIL
SBY 15:18:25 [insn_xori_ch0] summary: counterexample trace: insn_xori_ch0/engine_0/trace.vcd
SBY 15:18:25 [insn_xori_ch0] summary:   failed assertion rvfi_testbench._witness_.check_flatten_checker_inst__assert_rvfi_insn_check_sv_164_99 at rvfi_insn_check.sv:164.7-164.29 step 20
SBY 15:18:25 [insn_xori_ch0] DONE (FAIL, rc=0)

Formal: 7 passed, 46 failed
Failed: insn_add_ch0 insn_addi_ch0 insn_and_ch0 insn_andi_ch0 insn_auipc_ch0 insn_beq_ch0 insn_bge_ch0 insn_bgeu_ch0 insn_blt_ch0 insn_bltu_ch0 insn_bne_ch0 insn_div_ch0 insn_divu_ch0 insn_jal_ch0 insn_jalr_ch0 insn_lb_ch0 insn_lbu_ch0 insn_lh_ch0 insn_lhu_ch0 insn_lui_ch0 insn_lw_ch0 insn_mul_ch0 insn_mulh_ch0 insn_mulhsu_ch0 insn_mulhu_ch0 insn_or_ch0 insn_ori_ch0 insn_rem_ch0 insn_remu_ch0 insn_sb_ch0 insn_sh_ch0 insn_sll_ch0 insn_slli_ch0 insn_slt_ch0 insn_slti_ch0 insn_sltiu_ch0 insn_sltu_ch0 insn_sra_ch0 insn_srai_ch0 insn_srl_ch0 insn_srli_ch0 insn_sub_ch0 insn_sw_ch0 insn_xor_ch0 insn_xori_ch0 reg_ch0

--- insn_add_ch0/logfile.txt (last 30 lines) ---
SBY 15:15:52 [insn_add_ch0] engine_0: ##   0:00:00  Skipping step 7..
SBY 15:15:52 [insn_add_ch0] engine_0: ##   0:00:00  Skipping step 8..
SBY 15:15:52 [insn_add_ch0] engine_0: ##   0:00:00  Skipping step 9..
SBY 15:15:52 [insn_add_ch0] engine_0: ##   0:00:00  Skipping step 10..
SBY 15:15:52 [insn_add_ch0] engine_0: ##   0:00:00  Skipping step 11..
SBY 15:15:52 [insn_add_ch0] engine_0: ##   0:00:00  Skipping step 12..
SBY 15:15:52 [insn_add_ch0] engine_0: ##   0:00:00  Skipping step 13..
SBY 15:15:52 [insn_add_ch0] engine_0: ##   0:00:00  Skipping step 14..
SBY 15:15:52 [insn_add_ch0] engine_0: ##   0:00:00  Skipping step 15..
SBY 15:15:52 [insn_add_ch0] engine_0: ##   0:00:00  Skipping step 16..
SBY 15:15:52 [insn_add_ch0] engine_0: ##   0:00:00  Skipping step 17..
SBY 15:15:52 [insn_add_ch0] engine_0: ##   0:00:00  Skipping step 18..
SBY 15:15:52 [insn_add_ch0] engine_0: ##   0:00:00  Skipping step 19..
SBY 15:15:52 [insn_add_ch0] engine_0: ##   0:00:00  Checking assumptions in step 20..
SBY 15:15:52 [insn_add_ch0] engine_0: ##   0:00:00  Checking assertions in step 20..
SBY 15:16:18 [insn_add_ch0] engine_0: ##   0:00:26  BMC failed!
SBY 15:16:18 [insn_add_ch0] engine_0: ##   0:00:26  Assert failed in rvfi_testbench: rvfi_insn_check.sv:164.7-164.29 (_witness_.check_flatten_checker_inst__assert_rvfi_insn_check_sv_164_99)
SBY 15:16:18 [insn_add_ch0] engine_0: ##   0:00:26  Writing trace to VCD file: engine_0/trace.vcd
SBY 15:16:18 [insn_add_ch0] engine_0: ##   0:00:26  Writing trace to Verilog testbench: engine_0/trace_tb.v
SBY 15:16:18 [insn_add_ch0] engine_0: ##   0:00:26  Writing trace to constraints file: engine_0/trace.smtc
SBY 15:16:18 [insn_add_ch0] engine_0: ##   0:00:26  Writing trace to Yosys witness file: engine_0/trace.yw
SBY 15:16:19 [insn_add_ch0] engine_0: ##   0:00:27  Status: failed
SBY 15:16:19 [insn_add_ch0] engine_0: finished (returncode=1)
SBY 15:16:19 [insn_add_ch0] engine_0: Status returned by engine: FAIL
SBY 15:16:19 [insn_add_ch0] summary: Elapsed clock time [H:MM:SS (secs)]: 0:00:27 (27)
SBY 15:16:19 [insn_add_ch0] summary: Elapsed process time [H:MM:SS (secs)]: 0:00:27 (27)
SBY 15:16:19 [insn_add_ch0] summary: engine_0 (smtbmc bitwuzla) returned FAIL
SBY 15:16:19 [insn_add_ch0] summary: counterexample trace: insn_add_ch0/engine_0/trace.vcd
SBY 15:16:19 [insn_add_ch0] summary:   failed assertion rvfi_testbench._witness_.check_flatten_checker_inst__assert_rvfi_insn_check_sv_164_99 at rvfi_insn_check.sv:164.7-164.29 step 20
SBY 15:16:19 [insn_add_ch0] DONE (FAIL, rc=0)

Full run log: /srv/hwebench/clones/random-mutation-v2-rep2/cores/bench/worktrees/hyp-20261005-002-r11s1/formal/last_run-hf271e3bad8b840e.log
Per-check logs in: /srv/hwebench/clones/random-mutation-v2-rep2/cores/bench/worktrees/hyp-20261005-002-r11s1/formal/riscv-formal/cores/bench-hf271e3bad8b840e/checks/<check>/logfile.txt
Deleted branch bench-hyp-20261005-003-r11s2 (was 40a671d).
  [slot 2] broken: formal_failed: insn_add_ch0
:MM:SS (secs)]: 0:00:13 (13)
SBY 15:22:54 [insn_xori_ch0] summary: engine_0 (smtbmc bitwuzla) returned FAIL
SBY 15:22:54 [insn_xori_ch0] summary: counterexample trace: insn_xori_ch0/engine_0/trace.vcd
SBY 15:22:54 [insn_xori_ch0] summary:   failed assertion rvfi_testbench._witness_.check_flatten_checker_inst__assert_rvfi_insn_check_sv_167_102 at rvfi_insn_check.sv:167.7-167.29 step 20
SBY 15:22:54 [insn_xori_ch0] DONE (FAIL, rc=0)

Formal: 7 passed, 46 failed
Failed: insn_add_ch0 insn_addi_ch0 insn_and_ch0 insn_andi_ch0 insn_auipc_ch0 insn_beq_ch0 insn_bge_ch0 insn_bgeu_ch0 insn_blt_ch0 insn_bltu_ch0 insn_bne_ch0 insn_div_ch0 insn_divu_ch0 insn_jal_ch0 insn_jalr_ch0 insn_lb_ch0 insn_lbu_ch0 insn_lh_ch0 insn_lhu_ch0 insn_lui_ch0 insn_lw_ch0 insn_mul_ch0 insn_mulh_ch0 insn_mulhsu_ch0 insn_mulhu_ch0 insn_or_ch0 insn_ori_ch0 insn_rem_ch0 insn_remu_ch0 insn_sb_ch0 insn_sh_ch0 insn_sll_ch0 insn_slli_ch0 insn_slt_ch0 insn_slti_ch0 insn_sltiu_ch0 insn_sltu_ch0 insn_sra_ch0 insn_srai_ch0 insn_srl_ch0 insn_srli_ch0 insn_sub_ch0 insn_sw_ch0 insn_xor_ch0 insn_xori_ch0 reg_ch0

--- insn_add_ch0/logfile.txt (last 30 lines) ---
SBY 15:20:42 [insn_add_ch0] engine_0: ##   0:00:00  Skipping step 7..
SBY 15:20:42 [insn_add_ch0] engine_0: ##   0:00:00  Skipping step 8..
SBY 15:20:42 [insn_add_ch0] engine_0: ##   0:00:00  Skipping step 9..
SBY 15:20:42 [insn_add_ch0] engine_0: ##   0:00:00  Skipping step 10..
SBY 15:20:42 [insn_add_ch0] engine_0: ##   0:00:00  Skipping step 11..
SBY 15:20:42 [insn_add_ch0] engine_0: ##   0:00:00  Skipping step 12..
SBY 15:20:42 [insn_add_ch0] engine_0: ##   0:00:00  Skipping step 13..
SBY 15:20:42 [insn_add_ch0] engine_0: ##   0:00:00  Skipping step 14..
SBY 15:20:42 [insn_add_ch0] engine_0: ##   0:00:00  Skipping step 15..
SBY 15:20:42 [insn_add_ch0] engine_0: ##   0:00:00  Skipping step 16..
SBY 15:20:42 [insn_add_ch0] engine_0: ##   0:00:00  Skipping step 17..
SBY 15:20:42 [insn_add_ch0] engine_0: ##   0:00:00  Skipping step 18..
SBY 15:20:42 [insn_add_ch0] engine_0: ##   0:00:00  Skipping step 19..
SBY 15:20:42 [insn_add_ch0] engine_0: ##   0:00:00  Checking assumptions in step 20..
SBY 15:20:43 [insn_add_ch0] engine_0: ##   0:00:00  Checking assertions in step 20..
SBY 15:21:00 [insn_add_ch0] engine_0: ##   0:00:18  BMC failed!
SBY 15:21:00 [insn_add_ch0] engine_0: ##   0:00:18  Assert failed in rvfi_testbench: rvfi_insn_check.sv:167.7-167.29 (_witness_.check_flatten_checker_inst__assert_rvfi_insn_check_sv_167_102)
SBY 15:21:00 [insn_add_ch0] engine_0: ##   0:00:18  Writing trace to VCD file: engine_0/trace.vcd
SBY 15:21:01 [insn_add_ch0] engine_0: ##   0:00:19  Writing trace to Verilog testbench: engine_0/trace_tb.v
SBY 15:21:01 [insn_add_ch0] engine_0: ##   0:00:19  Writing trace to constraints file: engine_0/trace.smtc
SBY 15:21:01 [insn_add_ch0] engine_0: ##   0:00:19  Writing trace to Yosys witness file: engine_0/trace.yw
SBY 15:21:01 [insn_add_ch0] engine_0: ##   0:00:19  Status: failed
SBY 15:21:01 [insn_add_ch0] engine_0: finished (returncode=1)
SBY 15:21:01 [insn_add_ch0] engine_0: Status returned by engine: FAIL
SBY 15:21:01 [insn_add_ch0] summary: Elapsed clock time [H:MM:SS (secs)]: 0:00:19 (19)
SBY 15:21:01 [insn_add_ch0] summary: Elapsed process time [H:MM:SS (secs)]: 0:00:19 (19)
SBY 15:21:01 [insn_add_ch0] summary: engine_0 (smtbmc bitwuzla) returned FAIL
SBY 15:21:01 [insn_add_ch0] summary: counterexample trace: insn_add_ch0/engine_0/trace.vcd
SBY 15:21:01 [insn_add_ch0] summary:   failed assertion rvfi_testbench._witness_.check_flatten_checker_inst__assert_rvfi_insn_check_sv_167_102 at rvfi_insn_check.sv:167.7-167.29 step 20
SBY 15:21:01 [insn_add_ch0] DONE (FAIL, rc=0)

Full run log: /srv/hwebench/clones/random-mutation-v2-rep2/cores/bench/worktrees/hyp-20261005-003-r11s2/formal/last_run-hf4cee2b16d0045c.log
Per-check logs in: /srv/hwebench/clones/random-mutation-v2-rep2/cores/bench/worktrees/hyp-20261005-003-r11s2/formal/riscv-formal/cores/bench-hf4cee2b16d0045c/checks/<check>/logfile.txt
[bench-v2.8.4 c8bc6a0] log: hyp-20261005-001-r11s0 broken
 2 files changed, 1 insertion(+)
[bench-v2.8.4 47488f1] log: hyp-20261005-002-r11s1 broken
 2 files changed, 1 insertion(+)
[bench-v2.8.4 1c1181d] log: hyp-20261005-003-r11s2 broken
 1 file changed, 1 insertion(+)

  Round 11 complete: slot 0=broken, slot 1=broken, slot 2=broken (no winner)

============================================================
Round 12  |  slots=3  |  current best=12.12
============================================================
  pre-allocated IDs: ['hyp-20261005-001-r12s0', 'hyp-20261005-002-r12s1', 'hyp-20261005-003-r12s2']
  [slot 0] category=micro_opt id=hyp-20261005-001-r12s0
  [slot 1] category=structural id=hyp-20261005-002-r12s1
  [slot 2] category=predictor id=hyp-20261005-003-r12s2
Preparing worktree (new branch 'bench-hyp-20261005-002-r12s1-hypgen')
Preparing worktree (new branch 'bench-hyp-20261005-001-r12s0-hypgen')
Preparing worktree (new branch 'bench-hyp-20261005-003-r12s2-hypgen')
Deleted branch bench-hyp-20261005-002-r12s1-hypgen (was 1c1181d).
Preparing worktree (new branch 'bench-hyp-20261005-002-r12s1')
HEAD is now at 1c1181d log: hyp-20261005-003-r11s2 broken
HEAD is now at 1c1181d log: hyp-20261005-003-r11s2 broken
HEAD is now at 1c1181d log: hyp-20261005-003-r11s2 broken
HEAD is now at 1c1181d log: hyp-20261005-003-r11s2 broken
  [slot 1] worktree=/srv/hwebench/clones/random-mutation-v2-rep2/cores/bench/worktrees/hyp-20261005-002-r12s1
Deleted branch bench-hyp-20261005-001-r12s0-hypgen (was 1c1181d).
Preparing worktree (new branch 'bench-hyp-20261005-001-r12s0')
HEAD is now at 1c1181d log: hyp-20261005-003-r11s2 broken
  [slot 0] worktree=/srv/hwebench/clones/random-mutation-v2-rep2/cores/bench/worktrees/hyp-20261005-001-r12s0
Deleted branch bench-hyp-20261005-003-r12s2-hypgen (was 1c1181d).
Preparing worktree (new branch 'bench-hyp-20261005-003-r12s2')
HEAD is now at 1c1181d log: hyp-20261005-003-r11s2 broken
  [slot 2] worktree=/srv/hwebench/clones/random-mutation-v2-rep2/cores/bench/worktrees/hyp-20261005-003-r12s2
Deleted branch bench-hyp-20261005-003-r12s2 (was 1c1181d).
  [slot 2] broken: formal_failed: insn_auipc_ch0
ed FAIL
SBY 15:28:13 [insn_sub_ch0] summary: counterexample trace: insn_sub_ch0/engine_0/trace.vcd
SBY 15:28:13 [insn_sub_ch0] summary:   failed assertion rvfi_testbench._witness_.check_flatten_checker_inst__assert_rvfi_insn_check_sv_198_152 at rvfi_insn_check.sv:198.6-198.31 step 20
SBY 15:28:13 [insn_sub_ch0] DONE (FAIL, rc=0)
SBY 15:28:42 [reg_ch0] engine_0: ##   0:01:01  waiting for solver (1 minute)
SBY 15:29:14 [reg_ch0] engine_0: ##   0:01:33  Status: passed
SBY 15:29:14 [reg_ch0] engine_0: finished (returncode=0)
SBY 15:29:14 [reg_ch0] engine_0: Status returned by engine: pass
SBY 15:29:14 [reg_ch0] summary: Elapsed clock time [H:MM:SS (secs)]: 0:01:33 (93)
SBY 15:29:14 [reg_ch0] summary: Elapsed process time [H:MM:SS (secs)]: 0:01:33 (93)
SBY 15:29:14 [reg_ch0] summary: engine_0 (smtbmc bitwuzla) returned pass
SBY 15:29:14 [reg_ch0] summary: engine_0 did not produce any traces
SBY 15:29:14 [reg_ch0] DONE (PASS, rc=0)

Formal: 50 passed, 3 failed
Failed: insn_auipc_ch0 insn_sh_ch0 insn_sub_ch0

--- insn_auipc_ch0/logfile.txt (last 30 lines) ---
SBY 15:27:44 [insn_auipc_ch0] engine_0: ##   0:00:00  Skipping step 7..
SBY 15:27:44 [insn_auipc_ch0] engine_0: ##   0:00:00  Skipping step 8..
SBY 15:27:44 [insn_auipc_ch0] engine_0: ##   0:00:00  Skipping step 9..
SBY 15:27:44 [insn_auipc_ch0] engine_0: ##   0:00:00  Skipping step 10..
SBY 15:27:44 [insn_auipc_ch0] engine_0: ##   0:00:00  Skipping step 11..
SBY 15:27:44 [insn_auipc_ch0] engine_0: ##   0:00:00  Skipping step 12..
SBY 15:27:44 [insn_auipc_ch0] engine_0: ##   0:00:00  Skipping step 13..
SBY 15:27:44 [insn_auipc_ch0] engine_0: ##   0:00:00  Skipping step 14..
SBY 15:27:44 [insn_auipc_ch0] engine_0: ##   0:00:00  Skipping step 15..
SBY 15:27:44 [insn_auipc_ch0] engine_0: ##   0:00:00  Skipping step 16..
SBY 15:27:44 [insn_auipc_ch0] engine_0: ##   0:00:00  Skipping step 17..
SBY 15:27:44 [insn_auipc_ch0] engine_0: ##   0:00:00  Skipping step 18..
SBY 15:27:44 [insn_auipc_ch0] engine_0: ##   0:00:00  Skipping step 19..
SBY 15:27:44 [insn_auipc_ch0] engine_0: ##   0:00:00  Checking assumptions in step 20..
SBY 15:27:45 [insn_auipc_ch0] engine_0: ##   0:00:01  Checking assertions in step 20..
SBY 15:27:56 [insn_auipc_ch0] engine_0: ##   0:00:12  BMC failed!
SBY 15:27:56 [insn_auipc_ch0] engine_0: ##   0:00:12  Assert failed in rvfi_testbench: rvfi_insn_check.sv:198.6-198.31 (_witness_.check_flatten_checker_inst__assert_rvfi_insn_check_sv_198_152)
SBY 15:27:56 [insn_auipc_ch0] engine_0: ##   0:00:12  Writing trace to VCD file: engine_0/trace.vcd
SBY 15:27:57 [insn_auipc_ch0] engine_0: ##   0:00:13  Writing trace to Verilog testbench: engine_0/trace_tb.v
SBY 15:27:57 [insn_auipc_ch0] engine_0: ##   0:00:13  Writing trace to constraints file: engine_0/trace.smtc
SBY 15:27:57 [insn_auipc_ch0] engine_0: ##   0:00:13  Writing trace to Yosys witness file: engine_0/trace.yw
SBY 15:27:57 [insn_auipc_ch0] engine_0: ##   0:00:13  Status: failed
SBY 15:27:57 [insn_auipc_ch0] engine_0: finished (returncode=1)
SBY 15:27:57 [insn_auipc_ch0] engine_0: Status returned by engine: FAIL
SBY 15:27:57 [insn_auipc_ch0] summary: Elapsed clock time [H:MM:SS (secs)]: 0:00:14 (14)
SBY 15:27:57 [insn_auipc_ch0] summary: Elapsed process time [H:MM:SS (secs)]: 0:00:14 (14)
SBY 15:27:57 [insn_auipc_ch0] summary: engine_0 (smtbmc bitwuzla) returned FAIL
SBY 15:27:57 [insn_auipc_ch0] summary: counterexample trace: insn_auipc_ch0/engine_0/trace.vcd
SBY 15:27:57 [insn_auipc_ch0] summary:   failed assertion rvfi_testbench._witness_.check_flatten_checker_inst__assert_rvfi_insn_check_sv_198_152 at rvfi_insn_check.sv:198.6-198.31 step 20
SBY 15:27:57 [insn_auipc_ch0] DONE (FAIL, rc=0)

Full run log: /srv/hwebench/clones/random-mutation-v2-rep2/cores/bench/worktrees/hyp-20261005-003-r12s2/formal/last_run-ha79ab7d7c53c480.log
Per-check logs in: /srv/hwebench/clones/random-mutation-v2-rep2/cores/bench/worktrees/hyp-20261005-003-r12s2/formal/riscv-formal/cores/bench-ha79ab7d7c53c480/checks/<check>/logfile.txt
Deleted branch bench-hyp-20261005-002-r12s1 (was 1c1181d).
  [slot 1] broken: formal_failed: ill_ch0
 15:33:05 [insn_mulhsu_ch0] summary: Elapsed process time [H:MM:SS (secs)]: 0:00:15 (15)
SBY 15:33:05 [insn_mulhsu_ch0] summary: engine_0 (smtbmc bitwuzla) returned FAIL
SBY 15:33:05 [insn_mulhsu_ch0] summary: counterexample trace: insn_mulhsu_ch0/engine_0/trace.vcd
SBY 15:33:05 [insn_mulhsu_ch0] summary:   failed assertion rvfi_testbench._witness_.check_flatten_checker_inst__assert_rvfi_insn_check_sv_177_113 at rvfi_insn_check.sv:177.7-177.40 step 20
SBY 15:33:05 [insn_mulhsu_ch0] DONE (FAIL, rc=0)
SBY 15:33:23 [reg_ch0] engine_0: ##   0:01:00  waiting for solver (1 minute)
SBY 15:33:35 [reg_ch0] engine_0: ##   0:01:13  Status: passed
SBY 15:33:35 [reg_ch0] engine_0: finished (returncode=0)
SBY 15:33:35 [reg_ch0] engine_0: Status returned by engine: pass
SBY 15:33:35 [reg_ch0] summary: Elapsed clock time [H:MM:SS (secs)]: 0:01:13 (73)
SBY 15:33:35 [reg_ch0] summary: Elapsed process time [H:MM:SS (secs)]: 0:01:14 (74)
SBY 15:33:35 [reg_ch0] summary: engine_0 (smtbmc bitwuzla) returned pass
SBY 15:33:35 [reg_ch0] summary: engine_0 did not produce any traces
SBY 15:33:35 [reg_ch0] DONE (PASS, rc=0)

Formal: 45 passed, 8 failed
Failed: ill_ch0 insn_beq_ch0 insn_bge_ch0 insn_bgeu_ch0 insn_blt_ch0 insn_bltu_ch0 insn_bne_ch0 insn_mulhsu_ch0

--- ill_ch0/logfile.txt (last 30 lines) ---
SBY 15:32:21 [ill_ch0] engine_0: ##   0:00:00  Skipping step 7..
SBY 15:32:21 [ill_ch0] engine_0: ##   0:00:00  Skipping step 8..
SBY 15:32:21 [ill_ch0] engine_0: ##   0:00:00  Skipping step 9..
SBY 15:32:21 [ill_ch0] engine_0: ##   0:00:00  Skipping step 10..
SBY 15:32:21 [ill_ch0] engine_0: ##   0:00:00  Skipping step 11..
SBY 15:32:21 [ill_ch0] engine_0: ##   0:00:00  Skipping step 12..
SBY 15:32:21 [ill_ch0] engine_0: ##   0:00:00  Skipping step 13..
SBY 15:32:21 [ill_ch0] engine_0: ##   0:00:00  Skipping step 14..
SBY 15:32:21 [ill_ch0] engine_0: ##   0:00:00  Skipping step 15..
SBY 15:32:21 [ill_ch0] engine_0: ##   0:00:00  Skipping step 16..
SBY 15:32:21 [ill_ch0] engine_0: ##   0:00:00  Skipping step 17..
SBY 15:32:21 [ill_ch0] engine_0: ##   0:00:00  Skipping step 18..
SBY 15:32:21 [ill_ch0] engine_0: ##   0:00:00  Skipping step 19..
SBY 15:32:21 [ill_ch0] engine_0: ##   0:00:00  Checking assumptions in step 20..
SBY 15:32:21 [ill_ch0] engine_0: ##   0:00:00  Checking assertions in step 20..
SBY 15:32:24 [ill_ch0] engine_0: ##   0:00:03  BMC failed!
SBY 15:32:24 [ill_ch0] engine_0: ##   0:00:03  Assert failed in rvfi_testbench: rvfi_ill_check.sv:50.5-50.17 (_witness_.check_flatten_checker_inst__assert_rvfi_ill_check_sv_50_60)
SBY 15:32:24 [ill_ch0] engine_0: ##   0:00:03  Writing trace to VCD file: engine_0/trace.vcd
SBY 15:32:24 [ill_ch0] engine_0: ##   0:00:03  Writing trace to Verilog testbench: engine_0/trace_tb.v
SBY 15:32:24 [ill_ch0] engine_0: ##   0:00:03  Writing trace to constraints file: engine_0/trace.smtc
SBY 15:32:24 [ill_ch0] engine_0: ##   0:00:03  Writing trace to Yosys witness file: engine_0/trace.yw
SBY 15:32:24 [ill_ch0] engine_0: ##   0:00:03  Status: failed
SBY 15:32:24 [ill_ch0] engine_0: finished (returncode=1)
SBY 15:32:24 [ill_ch0] engine_0: Status returned by engine: FAIL
SBY 15:32:24 [ill_ch0] summary: Elapsed clock time [H:MM:SS (secs)]: 0:00:04 (4)
SBY 15:32:24 [ill_ch0] summary: Elapsed process time [H:MM:SS (secs)]: 0:00:04 (4)
SBY 15:32:24 [ill_ch0] summary: engine_0 (smtbmc bitwuzla) returned FAIL
SBY 15:32:24 [ill_ch0] summary: counterexample trace: ill_ch0/engine_0/trace.vcd
SBY 15:32:24 [ill_ch0] summary:   failed assertion rvfi_testbench._witness_.check_flatten_checker_inst__assert_rvfi_ill_check_sv_50_60 at rvfi_ill_check.sv:50.5-50.17 step 20
SBY 15:32:24 [ill_ch0] DONE (FAIL, rc=0)

Full run log: /srv/hwebench/clones/random-mutation-v2-rep2/cores/bench/worktrees/hyp-20261005-002-r12s1/formal/last_run-h383e66ce47a445a.log
Per-check logs in: /srv/hwebench/clones/random-mutation-v2-rep2/cores/bench/worktrees/hyp-20261005-002-r12s1/formal/riscv-formal/cores/bench-h383e66ce47a445a/checks/<check>/logfile.txt
Deleted branch bench-hyp-20261005-001-r12s0 (was 1c1181d).
  [slot 0] broken: formal_failed: insn_addi_ch0
v:177.7-177.40 step 20
SBY 15:42:54 [insn_slti_ch0] DONE (FAIL, rc=0)
SBY 15:43:18 [reg_ch0] engine_0: ##   0:01:01  waiting for solver (1 minute)
SBY 15:43:51 [reg_ch0] engine_0: ##   0:01:33  Status: passed
SBY 15:43:51 [reg_ch0] engine_0: finished (returncode=0)
SBY 15:43:51 [reg_ch0] engine_0: Status returned by engine: pass
SBY 15:43:51 [reg_ch0] summary: Elapsed clock time [H:MM:SS (secs)]: 0:01:34 (94)
SBY 15:43:51 [reg_ch0] summary: Elapsed process time [H:MM:SS (secs)]: 0:01:34 (94)
SBY 15:43:51 [reg_ch0] summary: engine_0 (smtbmc bitwuzla) returned pass
SBY 15:43:51 [reg_ch0] summary: engine_0 did not produce any traces
SBY 15:43:51 [reg_ch0] DONE (PASS, rc=0)

Formal: 46 passed, 7 failed
Failed: insn_addi_ch0 insn_andi_ch0 insn_ori_ch0 insn_slli_ch0 insn_slti_ch0 insn_sltiu_ch0 insn_xori_ch0

--- insn_addi_ch0/logfile.txt (last 30 lines) ---
SBY 15:42:18 [insn_addi_ch0] engine_0: ##   0:00:00  Skipping step 9..
SBY 15:42:18 [insn_addi_ch0] engine_0: ##   0:00:00  Skipping step 10..
SBY 15:42:18 [insn_addi_ch0] engine_0: ##   0:00:00  Skipping step 11..
SBY 15:42:18 [insn_addi_ch0] engine_0: ##   0:00:00  Skipping step 12..
SBY 15:42:18 [insn_addi_ch0] engine_0: ##   0:00:00  Skipping step 13..
SBY 15:42:18 [insn_addi_ch0] engine_0: ##   0:00:00  Skipping step 14..
SBY 15:42:18 [insn_addi_ch0] engine_0: ##   0:00:00  Skipping step 15..
SBY 15:42:18 [insn_addi_ch0] engine_0: ##   0:00:00  Skipping step 16..
SBY 15:42:18 [insn_addi_ch0] engine_0: ##   0:00:00  Skipping step 17..
SBY 15:42:18 [insn_addi_ch0] engine_0: ##   0:00:00  Skipping step 18..
SBY 15:42:18 [insn_addi_ch0] engine_0: ##   0:00:00  Skipping step 19..
SBY 15:42:18 [insn_addi_ch0] engine_0: ##   0:00:00  Checking assumptions in step 20..
SBY 15:42:19 [insn_addi_ch0] engine_0: ##   0:00:01  Checking assertions in step 20..
SBY 15:42:24 [insn_addi_ch0] engine_0: ##   0:00:06  BMC failed!
SBY 15:42:24 [insn_addi_ch0] engine_0: ##   0:00:06  Assert failed in rvfi_testbench: rvfi_insn_check.sv:176.7-176.38 (_witness_.check_flatten_checker_inst__assert_rvfi_insn_check_sv_176_111)
SBY 15:42:24 [insn_addi_ch0] engine_0: ##   0:00:06  Assert failed in rvfi_testbench: rvfi_insn_check.sv:177.7-177.40 (_witness_.check_flatten_checker_inst__assert_rvfi_insn_check_sv_177_113)
SBY 15:42:24 [insn_addi_ch0] engine_0: ##   0:00:06  Writing trace to VCD file: engine_0/trace.vcd
SBY 15:42:24 [insn_addi_ch0] engine_0: ##   0:00:06  Writing trace to Verilog testbench: engine_0/trace_tb.v
SBY 15:42:24 [insn_addi_ch0] engine_0: ##   0:00:06  Writing trace to constraints file: engine_0/trace.smtc
SBY 15:42:24 [insn_addi_ch0] engine_0: ##   0:00:06  Writing trace to Yosys witness file: engine_0/trace.yw
SBY 15:42:24 [insn_addi_ch0] engine_0: ##   0:00:06  Status: failed
SBY 15:42:24 [insn_addi_ch0] engine_0: finished (returncode=1)
SBY 15:42:24 [insn_addi_ch0] engine_0: Status returned by engine: FAIL
SBY 15:42:24 [insn_addi_ch0] summary: Elapsed clock time [H:MM:SS (secs)]: 0:00:07 (7)
SBY 15:42:24 [insn_addi_ch0] summary: Elapsed process time [H:MM:SS (secs)]: 0:00:07 (7)
SBY 15:42:24 [insn_addi_ch0] summary: engine_0 (smtbmc bitwuzla) returned FAIL
SBY 15:42:24 [insn_addi_ch0] summary: counterexample trace: insn_addi_ch0/engine_0/trace.vcd
SBY 15:42:24 [insn_addi_ch0] summary:   failed assertion rvfi_testbench._witness_.check_flatten_checker_inst__assert_rvfi_insn_check_sv_176_111 at rvfi_insn_check.sv:176.7-176.38 step 20
SBY 15:42:24 [insn_addi_ch0] summary:   failed assertion rvfi_testbench._witness_.check_flatten_checker_inst__assert_rvfi_insn_check_sv_177_113 at rvfi_insn_check.sv:177.7-177.40 step 20
SBY 15:42:24 [insn_addi_ch0] DONE (FAIL, rc=0)

Full run log: /srv/hwebench/clones/random-mutation-v2-rep2/cores/bench/worktrees/hyp-20261005-001-r12s0/formal/last_run-h3825def378db453.log
Per-check logs in: /srv/hwebench/clones/random-mutation-v2-rep2/cores/bench/worktrees/hyp-20261005-001-r12s0/formal/riscv-formal/cores/bench-h3825def378db453/checks/<check>/logfile.txt
[bench-v2.8.4 f8747ea] log: hyp-20261005-001-r12s0 broken
 2 files changed, 1 insertion(+)
[bench-v2.8.4 9f2a16b] log: hyp-20261005-002-r12s1 broken
 2 files changed, 1 insertion(+)
[bench-v2.8.4 21818f6] log: hyp-20261005-003-r12s2 broken
 1 file changed, 1 insertion(+)

  Round 12 complete: slot 0=broken, slot 1=broken, slot 2=broken (no winner)

============================================================
Round 13  |  slots=3  |  current best=12.12
============================================================
  pre-allocated IDs: ['hyp-20261005-001-r13s0', 'hyp-20261005-002-r13s1', 'hyp-20261005-003-r13s2']
  [slot 0] category=micro_opt id=hyp-20261005-001-r13s0
  [slot 1] category=structural id=hyp-20261005-002-r13s1
  [slot 2] category=predictor id=hyp-20261005-003-r13s2
Preparing worktree (new branch 'bench-hyp-20261005-002-r13s1-hypgen')
Preparing worktree (new branch 'bench-hyp-20261005-001-r13s0-hypgen')
Preparing worktree (new branch 'bench-hyp-20261005-003-r13s2-hypgen')
Deleted branch bench-hyp-20261005-002-r13s1-hypgen (was 21818f6).
Preparing worktree (new branch 'bench-hyp-20261005-002-r13s1')
HEAD is now at 21818f6 log: hyp-20261005-003-r12s2 broken
HEAD is now at 21818f6 log: hyp-20261005-003-r12s2 broken
HEAD is now at 21818f6 log: hyp-20261005-003-r12s2 broken
HEAD is now at 21818f6 log: hyp-20261005-003-r12s2 broken
  [slot 1] worktree=/srv/hwebench/clones/random-mutation-v2-rep2/cores/bench/worktrees/hyp-20261005-002-r13s1
Deleted branch bench-hyp-20261005-001-r13s0-hypgen (was 21818f6).
Deleted branch bench-hyp-20261005-003-r13s2-hypgen (was 21818f6).
Preparing worktree (new branch 'bench-hyp-20261005-001-r13s0')
HEAD is now at 21818f6 log: hyp-20261005-003-r12s2 broken
  [slot 0] worktree=/srv/hwebench/clones/random-mutation-v2-rep2/cores/bench/worktrees/hyp-20261005-001-r13s0
Preparing worktree (new branch 'bench-hyp-20261005-003-r13s2')
HEAD is now at 21818f6 log: hyp-20261005-003-r12s2 broken
  [slot 2] worktree=/srv/hwebench/clones/random-mutation-v2-rep2/cores/bench/worktrees/hyp-20261005-003-r13s2
Deleted branch bench-hyp-20261005-001-r13s0 (was 21818f6).
  [slot 0] broken: formal_failed: insn_srai_ch0
h0] engine_0: Status returned by engine: pass
SBY 15:47:16 [insn_xori_ch0] summary: Elapsed clock time [H:MM:SS (secs)]: 0:00:01 (1)
SBY 15:47:16 [insn_xori_ch0] summary: Elapsed process time [H:MM:SS (secs)]: 0:00:01 (1)
SBY 15:47:16 [insn_xori_ch0] summary: engine_0 (smtbmc bitwuzla) returned pass
SBY 15:47:16 [insn_xori_ch0] summary: engine_0 did not produce any traces
SBY 15:47:16 [insn_xori_ch0] DONE (PASS, rc=0)
SBY 15:47:17 [insn_sub_ch0] engine_0: ##   0:00:02  Status: passed
SBY 15:47:17 [insn_sub_ch0] engine_0: finished (returncode=0)
SBY 15:47:17 [insn_sub_ch0] engine_0: Status returned by engine: pass
SBY 15:47:17 [insn_sub_ch0] summary: Elapsed clock time [H:MM:SS (secs)]: 0:00:02 (2)
SBY 15:47:17 [insn_sub_ch0] summary: Elapsed process time [H:MM:SS (secs)]: 0:00:02 (2)
SBY 15:47:17 [insn_sub_ch0] summary: engine_0 (smtbmc bitwuzla) returned pass
SBY 15:47:17 [insn_sub_ch0] summary: engine_0 did not produce any traces
SBY 15:47:17 [insn_sub_ch0] DONE (PASS, rc=0)

Formal: 51 passed, 2 failed
Failed: insn_srai_ch0 reg_ch0

--- insn_srai_ch0/logfile.txt (last 30 lines) ---
SBY 15:47:13 [insn_srai_ch0] engine_0: ##   0:00:00  Skipping step 7..
SBY 15:47:13 [insn_srai_ch0] engine_0: ##   0:00:00  Skipping step 8..
SBY 15:47:13 [insn_srai_ch0] engine_0: ##   0:00:00  Skipping step 9..
SBY 15:47:13 [insn_srai_ch0] engine_0: ##   0:00:00  Skipping step 10..
SBY 15:47:13 [insn_srai_ch0] engine_0: ##   0:00:00  Skipping step 11..
SBY 15:47:13 [insn_srai_ch0] engine_0: ##   0:00:00  Skipping step 12..
SBY 15:47:13 [insn_srai_ch0] engine_0: ##   0:00:00  Skipping step 13..
SBY 15:47:13 [insn_srai_ch0] engine_0: ##   0:00:00  Skipping step 14..
SBY 15:47:13 [insn_srai_ch0] engine_0: ##   0:00:00  Skipping step 15..
SBY 15:47:13 [insn_srai_ch0] engine_0: ##   0:00:00  Skipping step 16..
SBY 15:47:13 [insn_srai_ch0] engine_0: ##   0:00:00  Skipping step 17..
SBY 15:47:13 [insn_srai_ch0] engine_0: ##   0:00:00  Skipping step 18..
SBY 15:47:13 [insn_srai_ch0] engine_0: ##   0:00:00  Skipping step 19..
SBY 15:47:13 [insn_srai_ch0] engine_0: ##   0:00:00  Checking assumptions in step 20..
SBY 15:47:14 [insn_srai_ch0] engine_0: ##   0:00:00  Checking assertions in step 20..
SBY 15:47:15 [insn_srai_ch0] engine_0: ##   0:00:01  BMC failed!
SBY 15:47:15 [insn_srai_ch0] engine_0: ##   0:00:01  Assert failed in rvfi_testbench: rvfi_insn_check.sv:177.7-177.40 (_witness_.check_flatten_checker_inst__assert_rvfi_insn_check_sv_177_113)
SBY 15:47:15 [insn_srai_ch0] engine_0: ##   0:00:01  Writing trace to VCD file: engine_0/trace.vcd
SBY 15:47:15 [insn_srai_ch0] engine_0: ##   0:00:01  Writing trace to Verilog testbench: engine_0/trace_tb.v
SBY 15:47:15 [insn_srai_ch0] engine_0: ##   0:00:01  Writing trace to constraints file: engine_0/trace.smtc
SBY 15:47:15 [insn_srai_ch0] engine_0: ##   0:00:01  Writing trace to Yosys witness file: engine_0/trace.yw
SBY 15:47:15 [insn_srai_ch0] engine_0: ##   0:00:02  Status: failed
SBY 15:47:15 [insn_srai_ch0] engine_0: finished (returncode=1)
SBY 15:47:15 [insn_srai_ch0] engine_0: Status returned by engine: FAIL
SBY 15:47:15 [insn_srai_ch0] summary: Elapsed clock time [H:MM:SS (secs)]: 0:00:02 (2)
SBY 15:47:15 [insn_srai_ch0] summary: Elapsed process time [H:MM:SS (secs)]: 0:00:02 (2)
SBY 15:47:15 [insn_srai_ch0] summary: engine_0 (smtbmc bitwuzla) returned FAIL
SBY 15:47:15 [insn_srai_ch0] summary: counterexample trace: insn_srai_ch0/engine_0/trace.vcd
SBY 15:47:15 [insn_srai_ch0] summary:   failed assertion rvfi_testbench._witness_.check_flatten_checker_inst__assert_rvfi_insn_check_sv_177_113 at rvfi_insn_check.sv:177.7-177.40 step 20
SBY 15:47:15 [insn_srai_ch0] DONE (FAIL, rc=0)

Full run log: /srv/hwebench/clones/random-mutation-v2-rep2/cores/bench/worktrees/hyp-20261005-001-r13s0/formal/last_run-h46cbd00262d9418.log
Per-check logs in: /srv/hwebench/clones/random-mutation-v2-rep2/cores/bench/worktrees/hyp-20261005-001-r13s0/formal/riscv-formal/cores/bench-h46cbd00262d9418/checks/<check>/logfile.txt
Deleted branch bench-hyp-20261005-003-r13s2 (was 21818f6).
  [slot 2] broken: formal_failed: insn_add_ch0
ss time [H:MM:SS (secs)]: 0:00:24 (24)
SBY 15:54:03 [insn_sw_ch0] summary: engine_0 (smtbmc bitwuzla) returned FAIL
SBY 15:54:03 [insn_sw_ch0] summary: counterexample trace: insn_sw_ch0/engine_0/trace.vcd
SBY 15:54:03 [insn_sw_ch0] summary:   failed assertion rvfi_testbench._witness_.check_flatten_checker_inst__assert_rvfi_insn_check_sv_167_102 at rvfi_insn_check.sv:167.7-167.29 step 20
SBY 15:54:03 [insn_sw_ch0] DONE (FAIL, rc=0)

Formal: 7 passed, 46 failed
Failed: insn_add_ch0 insn_addi_ch0 insn_and_ch0 insn_andi_ch0 insn_auipc_ch0 insn_beq_ch0 insn_bge_ch0 insn_bgeu_ch0 insn_blt_ch0 insn_bltu_ch0 insn_bne_ch0 insn_div_ch0 insn_divu_ch0 insn_jal_ch0 insn_jalr_ch0 insn_lb_ch0 insn_lbu_ch0 insn_lh_ch0 insn_lhu_ch0 insn_lui_ch0 insn_lw_ch0 insn_mul_ch0 insn_mulh_ch0 insn_mulhsu_ch0 insn_mulhu_ch0 insn_or_ch0 insn_ori_ch0 insn_rem_ch0 insn_remu_ch0 insn_sb_ch0 insn_sh_ch0 insn_sll_ch0 insn_slli_ch0 insn_slt_ch0 insn_slti_ch0 insn_sltiu_ch0 insn_sltu_ch0 insn_sra_ch0 insn_srai_ch0 insn_srl_ch0 insn_srli_ch0 insn_sub_ch0 insn_sw_ch0 insn_xor_ch0 insn_xori_ch0 reg_ch0

--- insn_add_ch0/logfile.txt (last 30 lines) ---
SBY 15:51:28 [insn_add_ch0] engine_0: ##   0:00:00  Skipping step 7..
SBY 15:51:28 [insn_add_ch0] engine_0: ##   0:00:00  Skipping step 8..
SBY 15:51:29 [insn_add_ch0] engine_0: ##   0:00:00  Skipping step 9..
SBY 15:51:29 [insn_add_ch0] engine_0: ##   0:00:00  Skipping step 10..
SBY 15:51:29 [insn_add_ch0] engine_0: ##   0:00:00  Skipping step 11..
SBY 15:51:29 [insn_add_ch0] engine_0: ##   0:00:00  Skipping step 12..
SBY 15:51:29 [insn_add_ch0] engine_0: ##   0:00:00  Skipping step 13..
SBY 15:51:29 [insn_add_ch0] engine_0: ##   0:00:00  Skipping step 14..
SBY 15:51:29 [insn_add_ch0] engine_0: ##   0:00:00  Skipping step 15..
SBY 15:51:29 [insn_add_ch0] engine_0: ##   0:00:00  Skipping step 16..
SBY 15:51:29 [insn_add_ch0] engine_0: ##   0:00:00  Skipping step 17..
SBY 15:51:29 [insn_add_ch0] engine_0: ##   0:00:00  Skipping step 18..
SBY 15:51:29 [insn_add_ch0] engine_0: ##   0:00:00  Skipping step 19..
SBY 15:51:29 [insn_add_ch0] engine_0: ##   0:00:00  Checking assumptions in step 20..
SBY 15:51:29 [insn_add_ch0] engine_0: ##   0:00:00  Checking assertions in step 20..
SBY 15:52:00 [insn_add_ch0] engine_0: ##   0:00:31  BMC failed!
SBY 15:52:00 [insn_add_ch0] engine_0: ##   0:00:31  Assert failed in rvfi_testbench: rvfi_insn_check.sv:167.7-167.29 (_witness_.check_flatten_checker_inst__assert_rvfi_insn_check_sv_167_102)
SBY 15:52:00 [insn_add_ch0] engine_0: ##   0:00:31  Writing trace to VCD file: engine_0/trace.vcd
SBY 15:52:00 [insn_add_ch0] engine_0: ##   0:00:31  Writing trace to Verilog testbench: engine_0/trace_tb.v
SBY 15:52:00 [insn_add_ch0] engine_0: ##   0:00:31  Writing trace to constraints file: engine_0/trace.smtc
SBY 15:52:00 [insn_add_ch0] engine_0: ##   0:00:31  Writing trace to Yosys witness file: engine_0/trace.yw
SBY 15:52:00 [insn_add_ch0] engine_0: ##   0:00:31  Status: failed
SBY 15:52:00 [insn_add_ch0] engine_0: finished (returncode=1)
SBY 15:52:00 [insn_add_ch0] engine_0: Status returned by engine: FAIL
SBY 15:52:00 [insn_add_ch0] summary: Elapsed clock time [H:MM:SS (secs)]: 0:00:32 (32)
SBY 15:52:00 [insn_add_ch0] summary: Elapsed process time [H:MM:SS (secs)]: 0:00:32 (32)
SBY 15:52:00 [insn_add_ch0] summary: engine_0 (smtbmc bitwuzla) returned FAIL
SBY 15:52:00 [insn_add_ch0] summary: counterexample trace: insn_add_ch0/engine_0/trace.vcd
SBY 15:52:00 [insn_add_ch0] summary:   failed assertion rvfi_testbench._witness_.check_flatten_checker_inst__assert_rvfi_insn_check_sv_167_102 at rvfi_insn_check.sv:167.7-167.29 step 20
SBY 15:52:00 [insn_add_ch0] DONE (FAIL, rc=0)

Full run log: /srv/hwebench/clones/random-mutation-v2-rep2/cores/bench/worktrees/hyp-20261005-003-r13s2/formal/last_run-h4833bfa479be473.log
Per-check logs in: /srv/hwebench/clones/random-mutation-v2-rep2/cores/bench/worktrees/hyp-20261005-003-r13s2/formal/riscv-formal/cores/bench-h4833bfa479be473/checks/<check>/logfile.txt
Deleted branch bench-hyp-20261005-002-r13s1 (was 21818f6).
  [slot 1] broken: formal_failed: ill_ch0
ine_0: Status returned by engine: FAIL
SBY 15:58:09 [insn_sw_ch0] summary: Elapsed clock time [H:MM:SS (secs)]: 0:00:17 (17)
SBY 15:58:09 [insn_sw_ch0] summary: Elapsed process time [H:MM:SS (secs)]: 0:00:17 (17)
SBY 15:58:09 [insn_sw_ch0] summary: engine_0 (smtbmc bitwuzla) returned FAIL
SBY 15:58:09 [insn_sw_ch0] summary: counterexample trace: insn_sw_ch0/engine_0/trace.vcd
SBY 15:58:09 [insn_sw_ch0] summary:   failed assertion rvfi_testbench._witness_.check_flatten_checker_inst__assert_rvfi_insn_check_sv_198_152 at rvfi_insn_check.sv:198.6-198.31 step 20
SBY 15:58:09 [insn_sw_ch0] DONE (FAIL, rc=0)

Formal: 7 passed, 46 failed
Failed: ill_ch0 insn_add_ch0 insn_addi_ch0 insn_and_ch0 insn_andi_ch0 insn_auipc_ch0 insn_beq_ch0 insn_bge_ch0 insn_bgeu_ch0 insn_blt_ch0 insn_bltu_ch0 insn_bne_ch0 insn_div_ch0 insn_divu_ch0 insn_jal_ch0 insn_jalr_ch0 insn_lb_ch0 insn_lbu_ch0 insn_lh_ch0 insn_lhu_ch0 insn_lui_ch0 insn_lw_ch0 insn_mul_ch0 insn_mulh_ch0 insn_mulhsu_ch0 insn_mulhu_ch0 insn_or_ch0 insn_ori_ch0 insn_rem_ch0 insn_remu_ch0 insn_sb_ch0 insn_sh_ch0 insn_sll_ch0 insn_slli_ch0 insn_slt_ch0 insn_slti_ch0 insn_sltiu_ch0 insn_sltu_ch0 insn_sra_ch0 insn_srai_ch0 insn_srl_ch0 insn_srli_ch0 insn_sub_ch0 insn_sw_ch0 insn_xor_ch0 insn_xori_ch0

--- ill_ch0/logfile.txt (last 30 lines) ---
SBY 15:56:36 [ill_ch0] engine_0: ##   0:00:00  Skipping step 7..
SBY 15:56:36 [ill_ch0] engine_0: ##   0:00:00  Skipping step 8..
SBY 15:56:36 [ill_ch0] engine_0: ##   0:00:00  Skipping step 9..
SBY 15:56:36 [ill_ch0] engine_0: ##   0:00:00  Skipping step 10..
SBY 15:56:36 [ill_ch0] engine_0: ##   0:00:00  Skipping step 11..
SBY 15:56:36 [ill_ch0] engine_0: ##   0:00:00  Skipping step 12..
SBY 15:56:36 [ill_ch0] engine_0: ##   0:00:00  Skipping step 13..
SBY 15:56:36 [ill_ch0] engine_0: ##   0:00:00  Skipping step 14..
SBY 15:56:36 [ill_ch0] engine_0: ##   0:00:00  Skipping step 15..
SBY 15:56:36 [ill_ch0] engine_0: ##   0:00:00  Skipping step 16..
SBY 15:56:36 [ill_ch0] engine_0: ##   0:00:00  Skipping step 17..
SBY 15:56:36 [ill_ch0] engine_0: ##   0:00:00  Skipping step 18..
SBY 15:56:36 [ill_ch0] engine_0: ##   0:00:00  Skipping step 19..
SBY 15:56:36 [ill_ch0] engine_0: ##   0:00:00  Checking assumptions in step 20..
SBY 15:56:36 [ill_ch0] engine_0: ##   0:00:00  Checking assertions in step 20..
SBY 15:56:37 [ill_ch0] engine_0: ##   0:00:01  BMC failed!
SBY 15:56:37 [ill_ch0] engine_0: ##   0:00:01  Assert failed in rvfi_testbench: rvfi_ill_check.sv:53.5-53.27 (_witness_.check_flatten_checker_inst__assert_rvfi_ill_check_sv_53_65)
SBY 15:56:37 [ill_ch0] engine_0: ##   0:00:01  Writing trace to VCD file: engine_0/trace.vcd
SBY 15:56:37 [ill_ch0] engine_0: ##   0:00:02  Writing trace to Verilog testbench: engine_0/trace_tb.v
SBY 15:56:37 [ill_ch0] engine_0: ##   0:00:02  Writing trace to constraints file: engine_0/trace.smtc
SBY 15:56:37 [ill_ch0] engine_0: ##   0:00:02  Writing trace to Yosys witness file: engine_0/trace.yw
SBY 15:56:38 [ill_ch0] engine_0: ##   0:00:02  Status: failed
SBY 15:56:38 [ill_ch0] engine_0: finished (returncode=1)
SBY 15:56:38 [ill_ch0] engine_0: Status returned by engine: FAIL
SBY 15:56:38 [ill_ch0] summary: Elapsed clock time [H:MM:SS (secs)]: 0:00:02 (2)
SBY 15:56:38 [ill_ch0] summary: Elapsed process time [H:MM:SS (secs)]: 0:00:02 (2)
SBY 15:56:38 [ill_ch0] summary: engine_0 (smtbmc bitwuzla) returned FAIL
SBY 15:56:38 [ill_ch0] summary: counterexample trace: ill_ch0/engine_0/trace.vcd
SBY 15:56:38 [ill_ch0] summary:   failed assertion rvfi_testbench._witness_.check_flatten_checker_inst__assert_rvfi_ill_check_sv_53_65 at rvfi_ill_check.sv:53.5-53.27 step 20
SBY 15:56:38 [ill_ch0] DONE (FAIL, rc=0)

Full run log: /srv/hwebench/clones/random-mutation-v2-rep2/cores/bench/worktrees/hyp-20261005-002-r13s1/formal/last_run-h129a564a451245b.log
Per-check logs in: /srv/hwebench/clones/random-mutation-v2-rep2/cores/bench/worktrees/hyp-20261005-002-r13s1/formal/riscv-formal/cores/bench-h129a564a451245b/checks/<check>/logfile.txt
[bench-v2.8.4 ec8fed7] log: hyp-20261005-001-r13s0 broken
 2 files changed, 1 insertion(+)
[bench-v2.8.4 cf3623a] log: hyp-20261005-002-r13s1 broken
 2 files changed, 1 insertion(+)
[bench-v2.8.4 888e527] log: hyp-20261005-003-r13s2 broken
 1 file changed, 1 insertion(+)

  Round 13 complete: slot 0=broken, slot 1=broken, slot 2=broken (no winner)

============================================================
Round 14  |  slots=3  |  current best=12.12
============================================================
  pre-allocated IDs: ['hyp-20261005-001-r14s0', 'hyp-20261005-002-r14s1', 'hyp-20261005-003-r14s2']
  [slot 0] category=micro_opt id=hyp-20261005-001-r14s0
  [slot 1] category=structural id=hyp-20261005-002-r14s1
  [slot 2] category=predictor id=hyp-20261005-003-r14s2
Preparing worktree (new branch 'bench-hyp-20261005-003-r14s2-hypgen')
Preparing worktree (new branch 'bench-hyp-20261005-002-r14s1-hypgen')
Preparing worktree (new branch 'bench-hyp-20261005-001-r14s0-hypgen')
Deleted branch bench-hyp-20261005-003-r14s2-hypgen (was 888e527).
Preparing worktree (new branch 'bench-hyp-20261005-003-r14s2')
HEAD is now at 888e527 log: hyp-20261005-003-r13s2 broken
HEAD is now at 888e527 log: hyp-20261005-003-r13s2 broken
HEAD is now at 888e527 log: hyp-20261005-003-r13s2 broken
HEAD is now at 888e527 log: hyp-20261005-003-r13s2 broken
  [slot 2] worktree=/srv/hwebench/clones/random-mutation-v2-rep2/cores/bench/worktrees/hyp-20261005-003-r14s2
Deleted branch bench-hyp-20261005-002-r14s1-hypgen (was 888e527).
Preparing worktree (new branch 'bench-hyp-20261005-002-r14s1')
HEAD is now at 888e527 log: hyp-20261005-003-r13s2 broken
  [slot 1] worktree=/srv/hwebench/clones/random-mutation-v2-rep2/cores/bench/worktrees/hyp-20261005-002-r14s1
Deleted branch bench-hyp-20261005-001-r14s0-hypgen (was 888e527).
Preparing worktree (new branch 'bench-hyp-20261005-001-r14s0')
HEAD is now at 888e527 log: hyp-20261005-003-r13s2 broken
  [slot 0] worktree=/srv/hwebench/clones/random-mutation-v2-rep2/cores/bench/worktrees/hyp-20261005-001-r14s0
Deleted branch bench-hyp-20261005-001-r14s0 (was 888e527).
  [slot 0] broken: formal_failed: insn_add_ch0
ry:   failed assertion rvfi_testbench._witness_.check_flatten_checker_inst__assert_rvfi_insn_check_sv_177_113 at rvfi_insn_check.sv:177.7-177.40 step 20
SBY 16:03:37 [insn_xori_ch0] DONE (FAIL, rc=0)

Formal: 7 passed, 46 failed
Failed: insn_add_ch0 insn_addi_ch0 insn_and_ch0 insn_andi_ch0 insn_auipc_ch0 insn_beq_ch0 insn_bge_ch0 insn_bgeu_ch0 insn_blt_ch0 insn_bltu_ch0 insn_bne_ch0 insn_div_ch0 insn_divu_ch0 insn_jal_ch0 insn_jalr_ch0 insn_lb_ch0 insn_lbu_ch0 insn_lh_ch0 insn_lhu_ch0 insn_lui_ch0 insn_lw_ch0 insn_mul_ch0 insn_mulh_ch0 insn_mulhsu_ch0 insn_mulhu_ch0 insn_or_ch0 insn_ori_ch0 insn_rem_ch0 insn_remu_ch0 insn_sb_ch0 insn_sh_ch0 insn_sll_ch0 insn_slli_ch0 insn_slt_ch0 insn_slti_ch0 insn_sltiu_ch0 insn_sltu_ch0 insn_sra_ch0 insn_srai_ch0 insn_srl_ch0 insn_srli_ch0 insn_sub_ch0 insn_sw_ch0 insn_xor_ch0 insn_xori_ch0 reg_ch0

--- insn_add_ch0/logfile.txt (last 30 lines) ---
SBY 16:00:58 [insn_add_ch0] engine_0: ##   0:00:00  Skipping step 9..
SBY 16:00:58 [insn_add_ch0] engine_0: ##   0:00:00  Skipping step 10..
SBY 16:00:58 [insn_add_ch0] engine_0: ##   0:00:00  Skipping step 11..
SBY 16:00:58 [insn_add_ch0] engine_0: ##   0:00:00  Skipping step 12..
SBY 16:00:58 [insn_add_ch0] engine_0: ##   0:00:00  Skipping step 13..
SBY 16:00:58 [insn_add_ch0] engine_0: ##   0:00:00  Skipping step 14..
SBY 16:00:58 [insn_add_ch0] engine_0: ##   0:00:00  Skipping step 15..
SBY 16:00:58 [insn_add_ch0] engine_0: ##   0:00:00  Skipping step 16..
SBY 16:00:58 [insn_add_ch0] engine_0: ##   0:00:00  Skipping step 17..
SBY 16:00:58 [insn_add_ch0] engine_0: ##   0:00:00  Skipping step 18..
SBY 16:00:58 [insn_add_ch0] engine_0: ##   0:00:00  Skipping step 19..
SBY 16:00:58 [insn_add_ch0] engine_0: ##   0:00:00  Checking assumptions in step 20..
SBY 16:00:59 [insn_add_ch0] engine_0: ##   0:00:01  Checking assertions in step 20..
SBY 16:01:27 [insn_add_ch0] engine_0: ##   0:00:29  BMC failed!
SBY 16:01:27 [insn_add_ch0] engine_0: ##   0:00:29  Assert failed in rvfi_testbench: rvfi_insn_check.sv:164.7-164.29 (_witness_.check_flatten_checker_inst__assert_rvfi_insn_check_sv_164_99)
SBY 16:01:27 [insn_add_ch0] engine_0: ##   0:00:29  Assert failed in rvfi_testbench: rvfi_insn_check.sv:177.7-177.40 (_witness_.check_flatten_checker_inst__assert_rvfi_insn_check_sv_177_113)
SBY 16:01:27 [insn_add_ch0] engine_0: ##   0:00:29  Writing trace to VCD file: engine_0/trace.vcd
SBY 16:01:28 [insn_add_ch0] engine_0: ##   0:00:30  Writing trace to Verilog testbench: engine_0/trace_tb.v
SBY 16:01:28 [insn_add_ch0] engine_0: ##   0:00:30  Writing trace to constraints file: engine_0/trace.smtc
SBY 16:01:28 [insn_add_ch0] engine_0: ##   0:00:30  Writing trace to Yosys witness file: engine_0/trace.yw
SBY 16:01:28 [insn_add_ch0] engine_0: ##   0:00:30  Status: failed
SBY 16:01:28 [insn_add_ch0] engine_0: finished (returncode=1)
SBY 16:01:28 [insn_add_ch0] engine_0: Status returned by engine: FAIL
SBY 16:01:28 [insn_add_ch0] summary: Elapsed clock time [H:MM:SS (secs)]: 0:00:30 (30)
SBY 16:01:28 [insn_add_ch0] summary: Elapsed process time [H:MM:SS (secs)]: 0:00:30 (30)
SBY 16:01:28 [insn_add_ch0] summary: engine_0 (smtbmc bitwuzla) returned FAIL
SBY 16:01:28 [insn_add_ch0] summary: counterexample trace: insn_add_ch0/engine_0/trace.vcd
SBY 16:01:28 [insn_add_ch0] summary:   failed assertion rvfi_testbench._witness_.check_flatten_checker_inst__assert_rvfi_insn_check_sv_164_99 at rvfi_insn_check.sv:164.7-164.29 step 20
SBY 16:01:28 [insn_add_ch0] summary:   failed assertion rvfi_testbench._witness_.check_flatten_checker_inst__assert_rvfi_insn_check_sv_177_113 at rvfi_insn_check.sv:177.7-177.40 step 20
SBY 16:01:28 [insn_add_ch0] DONE (FAIL, rc=0)

Full run log: /srv/hwebench/clones/random-mutation-v2-rep2/cores/bench/worktrees/hyp-20261005-001-r14s0/formal/last_run-hac6e7aaed7a74a9.log
Per-check logs in: /srv/hwebench/clones/random-mutation-v2-rep2/cores/bench/worktrees/hyp-20261005-001-r14s0/formal/riscv-formal/cores/bench-hac6e7aaed7a74a9/checks/<check>/logfile.txt
Deleted branch bench-hyp-20261005-003-r14s2 (was 888e527).
  [slot 2] broken: formal_failed: insn_mulhsu_ch0
lock time [H:MM:SS (secs)]: 0:00:02 (2)
SBY 16:05:48 [insn_sub_ch0] summary: Elapsed process time [H:MM:SS (secs)]: 0:00:02 (2)
SBY 16:05:48 [insn_sub_ch0] summary: engine_0 (smtbmc bitwuzla) returned pass
SBY 16:05:48 [insn_sub_ch0] summary: engine_0 did not produce any traces
SBY 16:05:48 [insn_sub_ch0] DONE (PASS, rc=0)
SBY 16:06:29 [reg_ch0] engine_0: ##   0:01:00  waiting for solver (1 minute)
SBY 16:06:47 [reg_ch0] engine_0: ##   0:01:18  Status: passed
SBY 16:06:47 [reg_ch0] engine_0: finished (returncode=0)
SBY 16:06:47 [reg_ch0] engine_0: Status returned by engine: pass
SBY 16:06:47 [reg_ch0] summary: Elapsed clock time [H:MM:SS (secs)]: 0:01:19 (79)
SBY 16:06:47 [reg_ch0] summary: Elapsed process time [H:MM:SS (secs)]: 0:01:19 (79)
SBY 16:06:47 [reg_ch0] summary: engine_0 (smtbmc bitwuzla) returned pass
SBY 16:06:47 [reg_ch0] summary: engine_0 did not produce any traces
SBY 16:06:47 [reg_ch0] DONE (PASS, rc=0)

Formal: 52 passed, 1 failed
Failed: insn_mulhsu_ch0

--- insn_mulhsu_ch0/logfile.txt (last 30 lines) ---
SBY 16:05:39 [insn_mulhsu_ch0] engine_0: ##   0:00:00  Skipping step 7..
SBY 16:05:39 [insn_mulhsu_ch0] engine_0: ##   0:00:00  Skipping step 8..
SBY 16:05:39 [insn_mulhsu_ch0] engine_0: ##   0:00:00  Skipping step 9..
SBY 16:05:39 [insn_mulhsu_ch0] engine_0: ##   0:00:00  Skipping step 10..
SBY 16:05:39 [insn_mulhsu_ch0] engine_0: ##   0:00:00  Skipping step 11..
SBY 16:05:39 [insn_mulhsu_ch0] engine_0: ##   0:00:00  Skipping step 12..
SBY 16:05:39 [insn_mulhsu_ch0] engine_0: ##   0:00:00  Skipping step 13..
SBY 16:05:39 [insn_mulhsu_ch0] engine_0: ##   0:00:00  Skipping step 14..
SBY 16:05:39 [insn_mulhsu_ch0] engine_0: ##   0:00:00  Skipping step 15..
SBY 16:05:39 [insn_mulhsu_ch0] engine_0: ##   0:00:00  Skipping step 16..
SBY 16:05:39 [insn_mulhsu_ch0] engine_0: ##   0:00:00  Skipping step 17..
SBY 16:05:39 [insn_mulhsu_ch0] engine_0: ##   0:00:00  Skipping step 18..
SBY 16:05:39 [insn_mulhsu_ch0] engine_0: ##   0:00:00  Skipping step 19..
SBY 16:05:39 [insn_mulhsu_ch0] engine_0: ##   0:00:00  Checking assumptions in step 20..
SBY 16:05:39 [insn_mulhsu_ch0] engine_0: ##   0:00:00  Checking assertions in step 20..
SBY 16:05:40 [insn_mulhsu_ch0] engine_0: ##   0:00:01  BMC failed!
SBY 16:05:40 [insn_mulhsu_ch0] engine_0: ##   0:00:01  Assert failed in rvfi_testbench: rvfi_insn_check.sv:177.7-177.40 (_witness_.check_flatten_checker_inst__assert_rvfi_insn_check_sv_177_113)
SBY 16:05:40 [insn_mulhsu_ch0] engine_0: ##   0:00:01  Writing trace to VCD file: engine_0/trace.vcd
SBY 16:05:40 [insn_mulhsu_ch0] engine_0: ##   0:00:01  Writing trace to Verilog testbench: engine_0/trace_tb.v
SBY 16:05:40 [insn_mulhsu_ch0] engine_0: ##   0:00:01  Writing trace to constraints file: engine_0/trace.smtc
SBY 16:05:40 [insn_mulhsu_ch0] engine_0: ##   0:00:01  Writing trace to Yosys witness file: engine_0/trace.yw
SBY 16:05:41 [insn_mulhsu_ch0] engine_0: ##   0:00:01  Status: failed
SBY 16:05:41 [insn_mulhsu_ch0] engine_0: finished (returncode=1)
SBY 16:05:41 [insn_mulhsu_ch0] engine_0: Status returned by engine: FAIL
SBY 16:05:41 [insn_mulhsu_ch0] summary: Elapsed clock time [H:MM:SS (secs)]: 0:00:02 (2)
SBY 16:05:41 [insn_mulhsu_ch0] summary: Elapsed process time [H:MM:SS (secs)]: 0:00:02 (2)
SBY 16:05:41 [insn_mulhsu_ch0] summary: engine_0 (smtbmc bitwuzla) returned FAIL
SBY 16:05:41 [insn_mulhsu_ch0] summary: counterexample trace: insn_mulhsu_ch0/engine_0/trace.vcd
SBY 16:05:41 [insn_mulhsu_ch0] summary:   failed assertion rvfi_testbench._witness_.check_flatten_checker_inst__assert_rvfi_insn_check_sv_177_113 at rvfi_insn_check.sv:177.7-177.40 step 20
SBY 16:05:41 [insn_mulhsu_ch0] DONE (FAIL, rc=0)

Full run log: /srv/hwebench/clones/random-mutation-v2-rep2/cores/bench/worktrees/hyp-20261005-003-r14s2/formal/last_run-h49e786f9429848f.log
Per-check logs in: /srv/hwebench/clones/random-mutation-v2-rep2/cores/bench/worktrees/hyp-20261005-003-r14s2/formal/riscv-formal/cores/bench-h49e786f9429848f/checks/<check>/logfile.txt
Deleted branch bench-hyp-20261005-002-r14s1 (was 888e527).
  [slot 1] broken: formal_failed: insn_add_ch0
 summary: Elapsed clock time [H:MM:SS (secs)]: 0:00:12 (12)
SBY 16:10:50 [insn_xori_ch0] summary: Elapsed process time [H:MM:SS (secs)]: 0:00:12 (12)
SBY 16:10:50 [insn_xori_ch0] summary: engine_0 (smtbmc bitwuzla) returned FAIL
SBY 16:10:50 [insn_xori_ch0] summary: counterexample trace: insn_xori_ch0/engine_0/trace.vcd
SBY 16:10:50 [insn_xori_ch0] summary:   failed assertion rvfi_testbench._witness_.check_flatten_checker_inst__assert_rvfi_insn_check_sv_177_113 at rvfi_insn_check.sv:177.7-177.40 step 20
SBY 16:10:50 [insn_xori_ch0] DONE (FAIL, rc=0)

Formal: 16 passed, 37 failed
Failed: insn_add_ch0 insn_addi_ch0 insn_and_ch0 insn_andi_ch0 insn_auipc_ch0 insn_div_ch0 insn_divu_ch0 insn_lb_ch0 insn_lbu_ch0 insn_lh_ch0 insn_lhu_ch0 insn_lw_ch0 insn_mul_ch0 insn_mulh_ch0 insn_mulhsu_ch0 insn_mulhu_ch0 insn_or_ch0 insn_ori_ch0 insn_rem_ch0 insn_remu_ch0 insn_sb_ch0 insn_sh_ch0 insn_sll_ch0 insn_slli_ch0 insn_slt_ch0 insn_slti_ch0 insn_sltiu_ch0 insn_sltu_ch0 insn_sra_ch0 insn_srai_ch0 insn_srl_ch0 insn_srli_ch0 insn_sub_ch0 insn_sw_ch0 insn_xor_ch0 insn_xori_ch0 reg_ch0

--- insn_add_ch0/logfile.txt (last 30 lines) ---
SBY 16:09:50 [insn_add_ch0] engine_0: ##   0:00:00  Skipping step 7..
SBY 16:09:50 [insn_add_ch0] engine_0: ##   0:00:00  Skipping step 8..
SBY 16:09:50 [insn_add_ch0] engine_0: ##   0:00:00  Skipping step 9..
SBY 16:09:51 [insn_add_ch0] engine_0: ##   0:00:00  Skipping step 10..
SBY 16:09:51 [insn_add_ch0] engine_0: ##   0:00:00  Skipping step 11..
SBY 16:09:51 [insn_add_ch0] engine_0: ##   0:00:00  Skipping step 12..
SBY 16:09:51 [insn_add_ch0] engine_0: ##   0:00:00  Skipping step 13..
SBY 16:09:51 [insn_add_ch0] engine_0: ##   0:00:00  Skipping step 14..
SBY 16:09:51 [insn_add_ch0] engine_0: ##   0:00:00  Skipping step 15..
SBY 16:09:51 [insn_add_ch0] engine_0: ##   0:00:00  Skipping step 16..
SBY 16:09:51 [insn_add_ch0] engine_0: ##   0:00:00  Skipping step 17..
SBY 16:09:51 [insn_add_ch0] engine_0: ##   0:00:00  Skipping step 18..
SBY 16:09:51 [insn_add_ch0] engine_0: ##   0:00:00  Skipping step 19..
SBY 16:09:51 [insn_add_ch0] engine_0: ##   0:00:00  Checking assumptions in step 20..
SBY 16:09:51 [insn_add_ch0] engine_0: ##   0:00:00  Checking assertions in step 20..
SBY 16:09:55 [insn_add_ch0] engine_0: ##   0:00:05  BMC failed!
SBY 16:09:55 [insn_add_ch0] engine_0: ##   0:00:05  Assert failed in rvfi_testbench: rvfi_insn_check.sv:177.7-177.40 (_witness_.check_flatten_checker_inst__assert_rvfi_insn_check_sv_177_113)
SBY 16:09:55 [insn_add_ch0] engine_0: ##   0:00:05  Writing trace to VCD file: engine_0/trace.vcd
SBY 16:09:56 [insn_add_ch0] engine_0: ##   0:00:05  Writing trace to Verilog testbench: engine_0/trace_tb.v
SBY 16:09:56 [insn_add_ch0] engine_0: ##   0:00:05  Writing trace to constraints file: engine_0/trace.smtc
SBY 16:09:56 [insn_add_ch0] engine_0: ##   0:00:05  Writing trace to Yosys witness file: engine_0/trace.yw
SBY 16:09:56 [insn_add_ch0] engine_0: ##   0:00:05  Status: failed
SBY 16:09:56 [insn_add_ch0] engine_0: finished (returncode=1)
SBY 16:09:56 [insn_add_ch0] engine_0: Status returned by engine: FAIL
SBY 16:09:56 [insn_add_ch0] summary: Elapsed clock time [H:MM:SS (secs)]: 0:00:06 (6)
SBY 16:09:56 [insn_add_ch0] summary: Elapsed process time [H:MM:SS (secs)]: 0:00:06 (6)
SBY 16:09:56 [insn_add_ch0] summary: engine_0 (smtbmc bitwuzla) returned FAIL
SBY 16:09:56 [insn_add_ch0] summary: counterexample trace: insn_add_ch0/engine_0/trace.vcd
SBY 16:09:56 [insn_add_ch0] summary:   failed assertion rvfi_testbench._witness_.check_flatten_checker_inst__assert_rvfi_insn_check_sv_177_113 at rvfi_insn_check.sv:177.7-177.40 step 20
SBY 16:09:56 [insn_add_ch0] DONE (FAIL, rc=0)

Full run log: /srv/hwebench/clones/random-mutation-v2-rep2/cores/bench/worktrees/hyp-20261005-002-r14s1/formal/last_run-ha1b02e485c6f486.log
Per-check logs in: /srv/hwebench/clones/random-mutation-v2-rep2/cores/bench/worktrees/hyp-20261005-002-r14s1/formal/riscv-formal/cores/bench-ha1b02e485c6f486/checks/<check>/logfile.txt
[bench-v2.8.4 ed7ada9] log: hyp-20261005-001-r14s0 broken
 2 files changed, 1 insertion(+)
[bench-v2.8.4 4e68ef4] log: hyp-20261005-002-r14s1 broken
 2 files changed, 1 insertion(+)
[bench-v2.8.4 7692a76] log: hyp-20261005-003-r14s2 broken
 1 file changed, 1 insertion(+)

  Round 14 complete: slot 0=broken, slot 1=broken, slot 2=broken (no winner)

============================================================
Round 15  |  slots=3  |  current best=12.12
============================================================
  pre-allocated IDs: ['hyp-20261005-001-r15s0', 'hyp-20261005-002-r15s1', 'hyp-20261005-003-r15s2']
  [slot 0] category=micro_opt id=hyp-20261005-001-r15s0
  [slot 1] category=structural id=hyp-20261005-002-r15s1
  [slot 2] category=predictor id=hyp-20261005-003-r15s2
Preparing worktree (new branch 'bench-hyp-20261005-002-r15s1-hypgen')
Preparing worktree (new branch 'bench-hyp-20261005-003-r15s2-hypgen')
Preparing worktree (new branch 'bench-hyp-20261005-001-r15s0-hypgen')
Deleted branch bench-hyp-20261005-002-r15s1-hypgen (was 7692a76).
Preparing worktree (new branch 'bench-hyp-20261005-002-r15s1')
HEAD is now at 7692a76 log: hyp-20261005-003-r14s2 broken
HEAD is now at 7692a76 log: hyp-20261005-003-r14s2 broken
HEAD is now at 7692a76 log: hyp-20261005-003-r14s2 broken
HEAD is now at 7692a76 log: hyp-20261005-003-r14s2 broken
  [slot 1] worktree=/srv/hwebench/clones/random-mutation-v2-rep2/cores/bench/worktrees/hyp-20261005-002-r15s1
Deleted branch bench-hyp-20261005-001-r15s0-hypgen (was 7692a76).
Preparing worktree (new branch 'bench-hyp-20261005-001-r15s0')
HEAD is now at 7692a76 log: hyp-20261005-003-r14s2 broken
  [slot 0] worktree=/srv/hwebench/clones/random-mutation-v2-rep2/cores/bench/worktrees/hyp-20261005-001-r15s0
Deleted branch bench-hyp-20261005-003-r15s2-hypgen (was 7692a76).
Preparing worktree (new branch 'bench-hyp-20261005-003-r15s2')
HEAD is now at 7692a76 log: hyp-20261005-003-r14s2 broken
  [slot 2] worktree=/srv/hwebench/clones/random-mutation-v2-rep2/cores/bench/worktrees/hyp-20261005-003-r15s2
Deleted branch bench-hyp-20261005-001-r15s0 (was 7692a76).
  [slot 0] broken: formal_failed: insn_beq_ch0
sn_sub_ch0] summary: Elapsed clock time [H:MM:SS (secs)]: 0:00:02 (2)
SBY 16:13:08 [insn_sub_ch0] summary: Elapsed process time [H:MM:SS (secs)]: 0:00:02 (2)
SBY 16:13:08 [insn_sub_ch0] summary: engine_0 (smtbmc bitwuzla) returned pass
SBY 16:13:08 [insn_sub_ch0] summary: engine_0 did not produce any traces
SBY 16:13:08 [insn_sub_ch0] DONE (PASS, rc=0)
SBY 16:13:40 [reg_ch0] engine_0: ##   0:01:01  waiting for solver (1 minute)
SBY 16:14:07 [reg_ch0] engine_0: ##   0:01:27  Status: passed
SBY 16:14:07 [reg_ch0] engine_0: finished (returncode=0)
SBY 16:14:07 [reg_ch0] engine_0: Status returned by engine: pass
SBY 16:14:07 [reg_ch0] summary: Elapsed clock time [H:MM:SS (secs)]: 0:01:28 (88)
SBY 16:14:07 [reg_ch0] summary: Elapsed process time [H:MM:SS (secs)]: 0:01:28 (88)
SBY 16:14:07 [reg_ch0] summary: engine_0 (smtbmc bitwuzla) returned pass
SBY 16:14:07 [reg_ch0] summary: engine_0 did not produce any traces
SBY 16:14:07 [reg_ch0] DONE (PASS, rc=0)

Formal: 47 passed, 6 failed
Failed: insn_beq_ch0 insn_bge_ch0 insn_bgeu_ch0 insn_blt_ch0 insn_bltu_ch0 insn_bne_ch0

--- insn_beq_ch0/logfile.txt (last 30 lines) ---
SBY 16:12:41 [insn_beq_ch0] engine_0: ##   0:00:00  Skipping step 7..
SBY 16:12:42 [insn_beq_ch0] engine_0: ##   0:00:00  Skipping step 8..
SBY 16:12:42 [insn_beq_ch0] engine_0: ##   0:00:00  Skipping step 9..
SBY 16:12:42 [insn_beq_ch0] engine_0: ##   0:00:00  Skipping step 10..
SBY 16:12:42 [insn_beq_ch0] engine_0: ##   0:00:00  Skipping step 11..
SBY 16:12:42 [insn_beq_ch0] engine_0: ##   0:00:00  Skipping step 12..
SBY 16:12:42 [insn_beq_ch0] engine_0: ##   0:00:00  Skipping step 13..
SBY 16:12:42 [insn_beq_ch0] engine_0: ##   0:00:00  Skipping step 14..
SBY 16:12:42 [insn_beq_ch0] engine_0: ##   0:00:00  Skipping step 15..
SBY 16:12:42 [insn_beq_ch0] engine_0: ##   0:00:00  Skipping step 16..
SBY 16:12:42 [insn_beq_ch0] engine_0: ##   0:00:00  Skipping step 17..
SBY 16:12:42 [insn_beq_ch0] engine_0: ##   0:00:00  Skipping step 18..
SBY 16:12:42 [insn_beq_ch0] engine_0: ##   0:00:00  Skipping step 19..
SBY 16:12:42 [insn_beq_ch0] engine_0: ##   0:00:00  Checking assumptions in step 20..
SBY 16:12:42 [insn_beq_ch0] engine_0: ##   0:00:00  Checking assertions in step 20..
SBY 16:13:04 [insn_beq_ch0] engine_0: ##   0:00:22  BMC failed!
SBY 16:13:04 [insn_beq_ch0] engine_0: ##   0:00:22  Assert failed in rvfi_testbench: rvfi_insn_check.sv:198.6-198.31 (_witness_.check_flatten_checker_inst__assert_rvfi_insn_check_sv_198_152)
SBY 16:13:04 [insn_beq_ch0] engine_0: ##   0:00:22  Writing trace to VCD file: engine_0/trace.vcd
SBY 16:13:04 [insn_beq_ch0] engine_0: ##   0:00:23  Writing trace to Verilog testbench: engine_0/trace_tb.v
SBY 16:13:04 [insn_beq_ch0] engine_0: ##   0:00:23  Writing trace to constraints file: engine_0/trace.smtc
SBY 16:13:04 [insn_beq_ch0] engine_0: ##   0:00:23  Writing trace to Yosys witness file: engine_0/trace.yw
SBY 16:13:05 [insn_beq_ch0] engine_0: ##   0:00:23  Status: failed
SBY 16:13:05 [insn_beq_ch0] engine_0: finished (returncode=1)
SBY 16:13:05 [insn_beq_ch0] engine_0: Status returned by engine: FAIL
SBY 16:13:05 [insn_beq_ch0] summary: Elapsed clock time [H:MM:SS (secs)]: 0:00:23 (23)
SBY 16:13:05 [insn_beq_ch0] summary: Elapsed process time [H:MM:SS (secs)]: 0:00:23 (23)
SBY 16:13:05 [insn_beq_ch0] summary: engine_0 (smtbmc bitwuzla) returned FAIL
SBY 16:13:05 [insn_beq_ch0] summary: counterexample trace: insn_beq_ch0/engine_0/trace.vcd
SBY 16:13:05 [insn_beq_ch0] summary:   failed assertion rvfi_testbench._witness_.check_flatten_checker_inst__assert_rvfi_insn_check_sv_198_152 at rvfi_insn_check.sv:198.6-198.31 step 20
SBY 16:13:05 [insn_beq_ch0] DONE (FAIL, rc=0)

Full run log: /srv/hwebench/clones/random-mutation-v2-rep2/cores/bench/worktrees/hyp-20261005-001-r15s0/formal/last_run-h4951ccd9320246f.log
Per-check logs in: /srv/hwebench/clones/random-mutation-v2-rep2/cores/bench/worktrees/hyp-20261005-001-r15s0/formal/riscv-formal/cores/bench-h4951ccd9320246f/checks/<check>/logfile.txt
Deleted branch bench-hyp-20261005-002-r15s1 (was 7692a76).
  [slot 1] broken: formal_failed: insn_jal_ch0
: Status returned by engine: pass
SBY 16:16:23 [insn_xori_ch0] summary: Elapsed clock time [H:MM:SS (secs)]: 0:00:01 (1)
SBY 16:16:23 [insn_xori_ch0] summary: Elapsed process time [H:MM:SS (secs)]: 0:00:01 (1)
SBY 16:16:23 [insn_xori_ch0] summary: engine_0 (smtbmc bitwuzla) returned pass
SBY 16:16:23 [insn_xori_ch0] summary: engine_0 did not produce any traces
SBY 16:16:23 [insn_xori_ch0] DONE (PASS, rc=0)
SBY 16:17:04 [reg_ch0] engine_0: ##   0:01:01  waiting for solver (1 minute)
SBY 16:17:24 [reg_ch0] engine_0: ##   0:01:21  Status: passed
SBY 16:17:24 [reg_ch0] engine_0: finished (returncode=0)
SBY 16:17:24 [reg_ch0] engine_0: Status returned by engine: pass
SBY 16:17:24 [reg_ch0] summary: Elapsed clock time [H:MM:SS (secs)]: 0:01:21 (81)
SBY 16:17:24 [reg_ch0] summary: Elapsed process time [H:MM:SS (secs)]: 0:01:21 (81)
SBY 16:17:24 [reg_ch0] summary: engine_0 (smtbmc bitwuzla) returned pass
SBY 16:17:24 [reg_ch0] summary: engine_0 did not produce any traces
SBY 16:17:24 [reg_ch0] DONE (PASS, rc=0)

Formal: 51 passed, 2 failed
Failed: insn_jal_ch0 insn_jalr_ch0

--- insn_jal_ch0/logfile.txt (last 30 lines) ---
SBY 16:16:09 [insn_jal_ch0] engine_0: ##   0:00:00  Skipping step 7..
SBY 16:16:09 [insn_jal_ch0] engine_0: ##   0:00:00  Skipping step 8..
SBY 16:16:09 [insn_jal_ch0] engine_0: ##   0:00:00  Skipping step 9..
SBY 16:16:09 [insn_jal_ch0] engine_0: ##   0:00:00  Skipping step 10..
SBY 16:16:09 [insn_jal_ch0] engine_0: ##   0:00:00  Skipping step 11..
SBY 16:16:09 [insn_jal_ch0] engine_0: ##   0:00:00  Skipping step 12..
SBY 16:16:09 [insn_jal_ch0] engine_0: ##   0:00:00  Skipping step 13..
SBY 16:16:09 [insn_jal_ch0] engine_0: ##   0:00:00  Skipping step 14..
SBY 16:16:09 [insn_jal_ch0] engine_0: ##   0:00:00  Skipping step 15..
SBY 16:16:09 [insn_jal_ch0] engine_0: ##   0:00:00  Skipping step 16..
SBY 16:16:09 [insn_jal_ch0] engine_0: ##   0:00:00  Skipping step 17..
SBY 16:16:09 [insn_jal_ch0] engine_0: ##   0:00:00  Skipping step 18..
SBY 16:16:09 [insn_jal_ch0] engine_0: ##   0:00:00  Skipping step 19..
SBY 16:16:09 [insn_jal_ch0] engine_0: ##   0:00:00  Checking assumptions in step 20..
SBY 16:16:10 [insn_jal_ch0] engine_0: ##   0:00:01  Checking assertions in step 20..
SBY 16:16:16 [insn_jal_ch0] engine_0: ##   0:00:07  BMC failed!
SBY 16:16:16 [insn_jal_ch0] engine_0: ##   0:00:07  Assert failed in rvfi_testbench: rvfi_insn_check.sv:177.7-177.40 (_witness_.check_flatten_checker_inst__assert_rvfi_insn_check_sv_177_113)
SBY 16:16:16 [insn_jal_ch0] engine_0: ##   0:00:07  Writing trace to VCD file: engine_0/trace.vcd
SBY 16:16:17 [insn_jal_ch0] engine_0: ##   0:00:07  Writing trace to Verilog testbench: engine_0/trace_tb.v
SBY 16:16:17 [insn_jal_ch0] engine_0: ##   0:00:07  Writing trace to constraints file: engine_0/trace.smtc
SBY 16:16:17 [insn_jal_ch0] engine_0: ##   0:00:07  Writing trace to Yosys witness file: engine_0/trace.yw
SBY 16:16:17 [insn_jal_ch0] engine_0: ##   0:00:07  Status: failed
SBY 16:16:17 [insn_jal_ch0] engine_0: finished (returncode=1)
SBY 16:16:17 [insn_jal_ch0] engine_0: Status returned by engine: FAIL
SBY 16:16:17 [insn_jal_ch0] summary: Elapsed clock time [H:MM:SS (secs)]: 0:00:08 (8)
SBY 16:16:17 [insn_jal_ch0] summary: Elapsed process time [H:MM:SS (secs)]: 0:00:08 (8)
SBY 16:16:17 [insn_jal_ch0] summary: engine_0 (smtbmc bitwuzla) returned FAIL
SBY 16:16:17 [insn_jal_ch0] summary: counterexample trace: insn_jal_ch0/engine_0/trace.vcd
SBY 16:16:17 [insn_jal_ch0] summary:   failed assertion rvfi_testbench._witness_.check_flatten_checker_inst__assert_rvfi_insn_check_sv_177_113 at rvfi_insn_check.sv:177.7-177.40 step 20
SBY 16:16:17 [insn_jal_ch0] DONE (FAIL, rc=0)

Full run log: /srv/hwebench/clones/random-mutation-v2-rep2/cores/bench/worktrees/hyp-20261005-002-r15s1/formal/last_run-hb342e8caf4e1406.log
Per-check logs in: /srv/hwebench/clones/random-mutation-v2-rep2/cores/bench/worktrees/hyp-20261005-002-r15s1/formal/riscv-formal/cores/bench-hb342e8caf4e1406/checks/<check>/logfile.txt
Deleted branch bench-hyp-20261005-003-r15s2 (was 7692a76).
  [slot 2] broken: formal_failed: insn_srli_ch0
20:18 [reg_ch0] engine_0: ##   0:01:28  Status: passed
SBY 16:20:18 [reg_ch0] engine_0: finished (returncode=0)
SBY 16:20:18 [reg_ch0] engine_0: Status returned by engine: pass
SBY 16:20:18 [reg_ch0] summary: Elapsed clock time [H:MM:SS (secs)]: 0:01:28 (88)
SBY 16:20:18 [reg_ch0] summary: Elapsed process time [H:MM:SS (secs)]: 0:01:28 (88)
SBY 16:20:18 [reg_ch0] summary: engine_0 (smtbmc bitwuzla) returned pass
SBY 16:20:18 [reg_ch0] summary: engine_0 did not produce any traces
SBY 16:20:18 [reg_ch0] DONE (PASS, rc=0)

Formal: 52 passed, 1 failed
Failed: insn_srli_ch0

--- insn_srli_ch0/logfile.txt (last 30 lines) ---
SBY 16:19:07 [insn_srli_ch0] engine_0: ##   0:00:00  Skipping step 11..
SBY 16:19:07 [insn_srli_ch0] engine_0: ##   0:00:00  Skipping step 12..
SBY 16:19:07 [insn_srli_ch0] engine_0: ##   0:00:00  Skipping step 13..
SBY 16:19:07 [insn_srli_ch0] engine_0: ##   0:00:00  Skipping step 14..
SBY 16:19:07 [insn_srli_ch0] engine_0: ##   0:00:00  Skipping step 15..
SBY 16:19:07 [insn_srli_ch0] engine_0: ##   0:00:00  Skipping step 16..
SBY 16:19:07 [insn_srli_ch0] engine_0: ##   0:00:00  Skipping step 17..
SBY 16:19:07 [insn_srli_ch0] engine_0: ##   0:00:00  Skipping step 18..
SBY 16:19:07 [insn_srli_ch0] engine_0: ##   0:00:00  Skipping step 19..
SBY 16:19:07 [insn_srli_ch0] engine_0: ##   0:00:00  Checking assumptions in step 20..
SBY 16:19:08 [insn_srli_ch0] engine_0: ##   0:00:00  Checking assertions in step 20..
SBY 16:19:19 [insn_srli_ch0] engine_0: ##   0:00:12  BMC failed!
SBY 16:19:19 [insn_srli_ch0] engine_0: ##   0:00:12  Assert failed in rvfi_testbench: rvfi_insn_check.sv:176.7-176.38 (_witness_.check_flatten_checker_inst__assert_rvfi_insn_check_sv_176_111)
SBY 16:19:19 [insn_srli_ch0] engine_0: ##   0:00:12  Assert failed in rvfi_testbench: rvfi_insn_check.sv:177.7-177.40 (_witness_.check_flatten_checker_inst__assert_rvfi_insn_check_sv_177_113)
SBY 16:19:19 [insn_srli_ch0] engine_0: ##   0:00:12  Assert failed in rvfi_testbench: rvfi_insn_check.sv:198.6-198.31 (_witness_.check_flatten_checker_inst__assert_rvfi_insn_check_sv_198_152)
SBY 16:19:19 [insn_srli_ch0] engine_0: ##   0:00:12  Writing trace to VCD file: engine_0/trace.vcd
SBY 16:19:19 [insn_srli_ch0] engine_0: ##   0:00:12  Writing trace to Verilog testbench: engine_0/trace_tb.v
SBY 16:19:19 [insn_srli_ch0] engine_0: ##   0:00:12  Writing trace to constraints file: engine_0/trace.smtc
SBY 16:19:19 [insn_srli_ch0] engine_0: ##   0:00:12  Writing trace to Yosys witness file: engine_0/trace.yw
SBY 16:19:19 [insn_srli_ch0] engine_0: ##   0:00:12  Status: failed
SBY 16:19:19 [insn_srli_ch0] engine_0: finished (returncode=1)
SBY 16:19:19 [insn_srli_ch0] engine_0: Status returned by engine: FAIL
SBY 16:19:19 [insn_srli_ch0] summary: Elapsed clock time [H:MM:SS (secs)]: 0:00:13 (13)
SBY 16:19:19 [insn_srli_ch0] summary: Elapsed process time [H:MM:SS (secs)]: 0:00:13 (13)
SBY 16:19:19 [insn_srli_ch0] summary: engine_0 (smtbmc bitwuzla) returned FAIL
SBY 16:19:19 [insn_srli_ch0] summary: counterexample trace: insn_srli_ch0/engine_0/trace.vcd
SBY 16:19:19 [insn_srli_ch0] summary:   failed assertion rvfi_testbench._witness_.check_flatten_checker_inst__assert_rvfi_insn_check_sv_176_111 at rvfi_insn_check.sv:176.7-176.38 step 20
SBY 16:19:19 [insn_srli_ch0] summary:   failed assertion rvfi_testbench._witness_.check_flatten_checker_inst__assert_rvfi_insn_check_sv_177_113 at rvfi_insn_check.sv:177.7-177.40 step 20
SBY 16:19:19 [insn_srli_ch0] summary:   failed assertion rvfi_testbench._witness_.check_flatten_checker_inst__assert_rvfi_insn_check_sv_198_152 at rvfi_insn_check.sv:198.6-198.31 step 20
SBY 16:19:19 [insn_srli_ch0] DONE (FAIL, rc=0)

Full run log: /srv/hwebench/clones/random-mutation-v2-rep2/cores/bench/worktrees/hyp-20261005-003-r15s2/formal/last_run-h182cc4ef8134477.log
Per-check logs in: /srv/hwebench/clones/random-mutation-v2-rep2/cores/bench/worktrees/hyp-20261005-003-r15s2/formal/riscv-formal/cores/bench-h182cc4ef8134477/checks/<check>/logfile.txt
[bench-v2.8.4 6c50b80] log: hyp-20261005-001-r15s0 broken
 2 files changed, 1 insertion(+)
[bench-v2.8.4 ccf486d] log: hyp-20261005-002-r15s1 broken
 2 files changed, 1 insertion(+)
[bench-v2.8.4 0824b8a] log: hyp-20261005-003-r15s2 broken
 1 file changed, 1 insertion(+)

  Round 15 complete: slot 0=broken, slot 1=broken, slot 2=broken (no winner)
